time,open,high,low,close,volume,RSI,MACD,Signal,SMA,Bollinger_Upper,Bollinger_Lower,Buy_Signal,Sell_Signal
2025-01-17 00:10:00,100182.74,100350.0,100141.02,100277.8,64.69505,,0.0,0.0,,,,False,False
2025-01-17 00:15:00,100277.79,100434.96,100243.92,100293.43,62.54618,,1.246837606857298,0.2493675213714596,,,,False,False
2025-01-17 00:20:00,100293.43,100330.0,100275.87,100299.98,71.18375,,2.732002824675874,0.7458945820323424,,,,False,False
2025-01-17 00:25:00,100299.99,100299.99,100065.24,100156.0,194.34937,,-7.621124173616408,-0.9275091690974079,,,,False,False
2025-01-17 00:30:00,100155.99,100216.0,100113.9,100177.74,40.92143,,-13.91145302784571,-3.5242979408470685,,,,False,False
2025-01-17 00:35:00,100177.73,100230.35,100114.69,100226.78,38.91289,,-14.769215485983295,-5.773281449874315,,,,False,False
2025-01-17 00:40:00,100226.78,100300.0,100176.96,100190.3,42.68742,,-18.18302692200814,-8.25523054430108,,,,False,False
2025-01-17 00:45:00,100190.31,100190.31,100069.86,100081.99,35.58052,,-29.290565489558503,-12.462297533352565,,,,False,False
2025-01-17 00:50:00,100081.99,100130.0,100064.85,100129.99,17.72909,,-33.83019752409018,-16.73587753150009,,,,False,False
2025-01-17 00:55:00,100130.0,100160.9,100117.36,100120.58,25.93824,,-37.75201524316799,-20.939105073833673,,,,False,False
2025-01-17 01:00:00,100120.58,100221.42,100120.58,100150.01,46.29219,,-38.046749749657465,-24.36063400899843,,,,False,False
2025-01-17 01:05:00,100150.0,100300.0,100086.26,100163.95,100.24669,,-36.73206311230024,-26.834919829658794,,,,False,False
2025-01-17 01:10:00,100163.96,100188.65,100060.35,100080.79,30.63069,,-41.91728511310066,-29.85139288634717,,,,False,False
2025-01-17 01:15:00,100080.78,100194.66,100060.34,100106.44,45.1694,35.51038354867053,-43.45593727767118,-32.57230176461198,,,,False,False
2025-01-17 01:20:00,100106.45,100213.44,100050.0,100054.05,59.16605,32.620279318326354,-48.345468890620396,-35.72693518981366,,,,False,False
2025-01-17 01:25:00,100054.05,100256.0,100054.05,100215.07,31.18115,45.034849828919945,-38.7804527025728,-36.33763869236549,,,,False,False
2025-01-17 01:30:00,100215.07,100557.81,100204.83,100539.27,144.52143,60.81048113846886,-4.982443407643586,-30.06659963542111,,,,False,False
2025-01-17 01:35:00,100539.27,101208.26,100539.27,101164.0,991.37262,81.74803149606299,71.39026978248148,-9.77522575184059,,,,False,False
2025-01-17 01:40:00,101163.99,101666.0,101163.99,101635.49,656.39704,85.77739599950914,168.024614649039,25.784742328335327,,,,False,False
2025-01-17 01:45:00,101635.5,101833.28,101268.0,101316.78,437.29924,73.62457302377183,216.39631373649172,63.90705660996661,100369.022,101273.08396659067,99464.96003340933,False,False
2025-01-17 01:50:00,101316.77,101582.04,101210.89,101524.43,176.1667,76.91851385542866,268.39298608436366,104.80424250484603,100431.3535,101470.7105950762,99391.99640492379,False,False
2025-01-17 01:55:00,101524.44,101781.59,101520.53,101659.8,410.59385,81.49132786459859,316.87125660099264,147.21764532407536,100499.67199999999,101671.98053001291,99327.36346998707,False,False
2025-01-17 02:00:00,101659.8,101800.0,101500.0,101547.24,144.47313,77.57606889493344,342.26259382510034,186.22663502428037,100562.035,101819.24147466391,99304.8285253361,False,False
2025-01-17 02:05:00,101547.23,101647.58,101467.36,101581.33,129.02541,78.15208970123983,360.9750934300391,221.17632670543213,100633.3015,101953.60594376369,99312.99705623632,False,False
2025-01-17 02:10:00,101581.33,101812.5,101528.0,101812.49,111.53306,79.72833783957763,389.9623214005114,254.93352564444803,100715.039,102116.50793051392,99313.57006948609,False,False
2025-01-17 02:15:00,101812.49,102148.13,101803.13,102070.39,614.77692,81.35509591852833,428.8023168599757,289.70728388755356,100807.2195,102312.17143948059,99302.26756051942,False,False
2025-01-17 02:20:00,102070.39,102070.39,101847.82,102034.0,264.04601,82.62625655211119,451.44297066032595,322.05442124210805,100899.4045,102469.69584788456,99329.11315211545,False,False
2025-01-17 02:25:00,102033.99,102079.16,101847.82,101858.15,89.20665,77.86232587139833,450.00880516874895,347.64529802743624,100988.2125,102564.74501146306,99411.67998853693,False,False
2025-01-17 02:30:00,101858.15,101928.64,101696.3,101821.19,161.07141,78.24640034781717,440.80848969621,366.277936361191,101072.77249999999,102636.8567548698,99508.68824513018,False,False
2025-01-17 02:35:00,101821.19,101821.2,101615.11,101699.99,109.81153,74.04136957380533,418.90843068272807,376.8040352254984,101151.74299999999,102672.28392386265,99631.20207613733,False,False
2025-01-17 02:40:00,101700.0,101703.21,101549.52,101563.96,156.4458,67.66652069418541,386.12498352762486,378.66822488592373,101222.4405,102676.92202832224,99767.95897167776,False,False
2025-01-17 02:45:00,101563.95,101563.96,100995.74,101024.42,202.15055,47.52069345269812,312.9994339499535,365.5344666987297,101265.464,102636.63276775218,99894.29523224784,False,False
2025-01-17 02:50:00,101024.43,101133.37,100780.54,101103.31,209.70264,39.014985757337925,258.43361095945875,344.11429555087557,101316.59,102573.24027390493,100059.93972609506,False,False
2025-01-17 02:55:00,101103.3,101134.45,101020.11,101100.0,77.13993,44.85547486828991,212.4734520813363,317.7861268569677,101366.26800000001,102493.36461554955,100239.17138445047,False,False
2025-01-17 03:00:00,101100.0,101258.43,101082.12,101160.39,99.7537,40.71155926598779,178.86086661179434,290.00107480793304,101421.58499999999,102372.30965107858,100470.8603489214,False,False
2025-01-17 03:05:00,101160.4,101271.74,101111.27,101271.73,63.49042,39.97551159582742,159.36974276401452,263.87480839914934,101474.418,102242.78866552962,100706.0473344704,False,False
2025-01-17 03:10:00,101271.74,101271.74,100986.79,101013.99,73.07694,37.186357104753355,121.72228399137384,235.44430351759425,101498.15400000001,102167.88972724903,100828.41827275099,False,False
2025-01-17 03:15:00,101013.98,101129.69,100944.04,101050.49,64.20331,37.259024577572944,93.75094410976453,207.10563163602833,101492.4785,102175.92074271511,100809.03625728488,False,False
2025-01-17 03:20:00,101050.5,101065.69,100943.77,101014.7,36.55117,28.870184285660955,67.91264711864642,179.26703473255196,101461.439,102173.32961335668,100749.54838664332,False,False
2025-01-17 03:25:00,101014.69,101028.03,100954.01,100983.56,61.99766,17.285243848844203,44.41093127525528,152.29581404109265,101444.778,102185.92000635456,100703.63599364545,False,False
2025-01-17 03:30:00,100983.57,101065.39,100983.56,101011.55,48.76968,19.06672233416235,27.724619075728697,127.38157504801987,101419.13399999999,102183.79068439199,100654.47731560799,False,False
2025-01-17 03:35:00,101011.56,101258.17,101011.55,101155.48,91.50282,28.322690112602046,25.81694291855092,107.06864862212609,101393.918,102158.41998976994,100629.41601023007,False,False
2025-01-17 03:40:00,101155.48,101155.48,101008.68,101041.61,42.82645,27.03957211691366,14.944467947323574,88.64381248716559,101368.63650000001,102145.1375380656,100592.13546193442,False,False
2025-01-17 03:45:00,101041.61,101115.04,100982.26,101070.33,84.16663,30.38662330704325,8.546893904931494,72.62442877071878,101343.0865,102123.73711098595,100562.43588901406,False,False
2025-01-17 03:50:00,101070.32,101142.82,101021.08,101078.01,31.91815,33.547530860017204,4.049798642037786,58.90950274498258,101306.3625,102062.76338223605,100549.96161776395,False,False
2025-01-17 03:55:00,101078.02,101132.48,101022.0,101051.73,61.37446,51.41712589640599,-1.6161284003173932,46.80437651592259,101255.4295,101927.72207088131,100583.13692911869,False,False
2025-01-17 04:00:00,101051.73,101282.76,101040.0,101216.94,90.50371,55.41151930202242,7.142317687874311,38.87196475031294,101214.5765,101778.1781220991,100650.9748779009,False,False
2025-01-17 04:05:00,101216.95,101222.94,101069.5,101069.51,36.5531,48.72321002336642,2.1621564442903036,31.530003089108416,101175.1445,101652.98658624661,100697.30241375338,False,False
2025-01-17 04:10:00,101069.5,101069.51,100965.67,101000.81,53.06848,43.363663583737996,-7.244661127697327,23.77507024574727,101134.1255,101507.99533231444,100760.25566768555,False,False
2025-01-17 04:15:00,101000.81,101040.88,100952.1,101038.05,38.29166,39.643863785432245,-11.561402403429383,16.70777571591194,101101.0285,101365.03337868517,100837.02362131483,False,False
2025-01-17 04:20:00,101038.05,101219.1,101034.8,101169.25,112.34684,57.74998003354332,-4.345613916841103,12.497097789361332,101081.29299999999,101235.95870811741,100926.62729188257,False,False
2025-01-17 04:25:00,101169.24,101203.47,101065.21,101194.0,62.67816,57.2484923176383,3.3316632611386012,10.664010883716786,101089.772,101249.80982245092,100929.73417754908,False,False
2025-01-17 04:30:00,101194.0,101194.01,101035.12,101049.27,46.50568,51.57297951532061,-2.236756764774327,8.083857354018564,101087.06999999999,101247.9678854988,100926.17211450118,False,False
2025-01-17 04:35:00,101049.28,101137.89,101030.0,101137.89,32.94003,56.67315259220837,0.4954128076788038,6.566168444750613,101088.96449999999,101251.38845486759,100926.54054513239,False,False
2025-01-17 04:40:00,101137.88,101223.13,101109.23,101180.32,28.59762,57.20752654190782,6.015085118779098,6.45595177955631,101089.961,101254.46131859219,100925.4606814078,False,False
2025-01-17 04:45:00,101180.32,101261.36,101132.13,101254.57,37.7888,54.49955045363366,16.1941436517518,8.40359015399541,101089.103,101249.7452082704,100928.46079172961,False,False
2025-01-17 04:50:00,101254.57,101449.07,101254.57,101409.17,95.13808,66.09507461640854,36.317404398098006,13.98635300281593,101108.862,101319.90984976046,100897.81415023953,False,False
2025-01-17 04:55:00,101409.17,101490.78,101360.0,101481.29,51.04421,67.33657318349006,57.42278071619512,22.67363854549177,101130.402,101396.99317864366,100863.81082135634,False,False
2025-01-17 05:00:00,101481.28,101490.0,101410.14,101410.15,34.47621,63.299431408665015,67.62895554414717,31.664701945222852,101150.1745,101438.41399256255,100861.93500743744,False,False
2025-01-17 05:05:00,101410.14,101650.0,101404.16,101570.0,100.16539,68.7470609938725,87.60611296724528,42.85298414962734,101179.4965,101512.24802394143,100846.74497605856,False,False
2025-01-17 05:10:00,101570.01,101778.94,101570.0,101668.51,143.6157,67.16252270878763,110.11771934754506,56.30593118921089,101212.34449999999,101600.39912000121,100824.28987999877,False,False
2025-01-17 05:15:00,101668.52,101782.02,101606.32,101643.46,66.99226,74.0510731735945,124.50182441076322,69.94510983352136,101236.74350000001,101668.63191698691,100804.85508301311,False,False
2025-01-17 05:20:00,101643.47,101696.52,101614.04,101624.83,46.38548,77.29459724263484,132.866444338797,82.52937673457649,101265.90449999999,101720.47958040514,100811.32941959484,False,False
2025-01-17 05:25:00,101624.82,101687.28,101603.67,101624.99,61.24815,76.53339843043712,137.91853750932205,93.60720888952561,101293.6375,101765.32953114685,100821.94546885314,False,False
2025-01-17 05:30:00,101624.99,101698.85,101543.45,101619.99,94.54957,73.00069399085633,139.90614854026353,102.8669968196732,101320.7365,101802.43680815313,100839.03619184687,False,False
2025-01-17 05:35:00,101619.99,101633.04,101486.24,101555.64,38.57556,67.73718904496604,134.73568825350958,109.24073510644048,101345.932,101821.05769650354,100870.80630349646,False,False
2025-01-17 05:40:00,101555.64,101555.65,101343.33,101400.0,73.44493,67.01994467899252,116.73358189490682,110.73930446413377,101355.085,101826.78849627715,100883.38150372286,False,False
2025-01-17 05:45:00,101399.99,101446.79,101374.93,101399.24,84.17186,63.86486859277066,101.2384435011918,108.83913227154538,101371.5715,101823.90006820198,100919.24293179803,False,False
2025-01-17 05:50:00,101399.25,101520.0,101399.24,101491.64,39.8302,65.68425931523686,95.31560352319502,106.13442652187531,101396.113,101815.82769884355,100976.39830115644,False,False
2025-01-17 05:55:00,101491.63,101491.64,101301.4,101334.05,122.40153,53.6939951663877,77.01770207575464,100.31108163265118,101410.913,101796.99287693313,101024.83312306687,False,False
2025-01-17 06:00:00,101334.06,101451.95,101334.05,101415.38,43.15112,50.30971641746415,68.29190804058453,93.90724691423786,101423.2195,101792.17646188762,101054.2625381124,False,False
2025-01-17 06:05:00,101415.39,101513.0,101402.31,101512.99,50.93866,51.541798797689346,68.46375706671097,88.81854894473248,101439.16900000001,101793.70155248964,101084.63644751038,False,False
2025-01-17 06:10:00,101512.99,101537.86,101490.25,101532.14,36.45553,56.249295615913816,69.34581818897277,84.92400279358054,101463.3125,101768.3603913135,101158.2646086865,False,False
2025-01-17 06:15:00,101532.15,101585.4,101525.86,101559.99,21.24916,49.40701159911407,71.4682784051256,82.23285791588955,101484.41750000001,101750.59743161548,101218.23756838455,False,False
2025-01-17 06:20:00,101560.0,101586.96,101470.92,101552.0,27.89243,42.26884845589338,71.67934235333814,80.12215480337927,101503.0015,101728.59108759818,101277.41191240182,False,False
2025-01-17 06:25:00,101551.45,101551.46,101435.39,101435.39,30.99268,37.68918551125912,61.72562502097571,76.44284884689856,101512.04250000001,101708.29633980175,101315.78866019828,False,False
2025-01-17 06:30:00,101435.39,101460.0,101402.56,101438.55,20.94362,38.77290260366457,53.47578238142887,71.84943555380462,101513.5115,101706.94267522391,101320.08032477608,False,False
2025-01-17 06:35:00,101438.55,101481.58,101410.05,101449.99,53.96659,39.59423461135958,47.31541242300591,66.94263092764488,101511.94649999999,101706.97522352844,101316.91777647154,False,False
2025-01-17 06:40:00,101450.0,101468.8,101406.64,101457.92,23.47768,40.39653476493479,42.58229735675559,62.07056421346703,101514.335,101705.24098452223,101323.42901547778,False,False
2025-01-17 06:45:00,101457.91,101457.92,101302.6,101374.99,31.88155,39.5262004429552,31.77324940050312,56.01110125087425,101504.58450000001,101703.28087916622,101305.8881208338,False,False
2025-01-17 06:50:00,101375.0,101401.06,101359.44,101401.06,26.52954,50.07232335362011,25.0221918917523,49.81331937904986,101491.21200000001,101679.1652249316,101303.25877506843,False,False
2025-01-17 06:55:00,101401.05,101437.5,101346.44,101408.99,46.39812,50.65879268638766,20.080341229433543,43.8667237491266,101479.4885,101656.38136966401,101302.595630336,False,False
2025-01-17 07:00:00,101409.0,101458.93,101408.99,101444.08,41.44669,46.516669596297085,18.778887391657918,38.84915647763286,101470.451,101634.04790318801,101306.85409681199,False,False
2025-01-17 07:05:00,101444.08,101485.91,101422.17,101466.45,40.17532,62.092207649873615,19.32972683625121,34.94527054935653,101462.524,101609.0671180523,101315.9808819477,False,False
2025-01-17 07:10:00,101466.45,101661.0,101438.0,101618.83,144.87586,66.44678339881318,31.696683930014842,34.29555322548819,101462.466,101608.74738931189,101316.18461068811,False,False
2025-01-17 07:15:00,101618.83,101697.99,101618.82,101650.0,37.09804,62.408752513267935,43.51117528346367,36.13867763708329,101467.184,101631.13783142203,101303.23016857795,False,False
2025-01-17 07:20:00,101650.0,101651.99,101587.45,101638.98,24.2101,59.82093613266133,51.39260098450177,39.18946230656699,101479.133,101656.73615503382,101301.52984496618,False,False
2025-01-17 07:25:00,101638.98,101646.58,101563.82,101629.72,38.78799,56.636528028932815,56.2431470353622,42.600199252326036,101490.65699999999,101676.1669287003,101305.14707129968,False,False
2025-01-17 07:30:00,101629.72,101700.0,101567.08,101567.08,133.52488,51.30000000000018,54.40556178135739,44.96127175813231,101494.429,101683.06461854895,101305.79338145106,False,False
2025-01-17 07:35:00,101567.08,101589.79,101442.27,101556.26,160.37696,62.74435376731801,51.48271792959713,46.26556099242528,101505.5395,101680.04868750983,101331.03031249017,False,False
2025-01-17 07:40:00,101556.26,101899.49,101555.41,101668.51,191.04519,69.71198354191637,57.560458867039415,48.524540567348105,101518.196,101701.66022400733,101334.73177599267,False,False
2025-01-17 07:45:00,101668.51,101737.2,101570.24,101570.24,126.45006,58.97213973408178,53.82705978535523,49.58504441094953,101521.0585,101705.96156106339,101336.1554389366,False,False
2025-01-17 07:50:00,101570.0,101599.2,101456.52,101456.52,101.68906,49.90978451386778,41.216937316406984,47.911422992041025,101517.2775,101704.30686643909,101330.2481335609,False,False
2025-01-17 07:55:00,101456.52,101491.71,101401.0,101440.5,153.61526,54.619822005331045,29.589554329999373,44.2470492596327,101511.303,101700.21203264486,101322.39396735514,False,False
2025-01-17 08:00:00,101440.51,101586.94,101439.77,101544.88,97.01602,59.13351623228203,28.469188123199274,41.09147703234602,101510.947,101699.55971476948,101322.33428523052,False,False
2025-01-17 08:05:00,101544.88,101706.93,101533.92,101692.8,112.90854,65.30286527698388,39.066859179147286,40.686553461706275,101523.81749999999,101725.40527624563,101322.22972375435,False,False
2025-01-17 08:10:00,101692.8,101772.36,101682.01,101696.01,146.78405,64.06754296818261,47.18073981638008,41.98539073264104,101536.6905,101747.99929260128,101325.38170739872,False,False
2025-01-17 08:15:00,101696.02,101810.35,101645.33,101810.35,83.17158,67.41442171359154,62.12123615818564,46.01255981774996,101554.70850000001,101794.43367442641,101314.9833255736,False,False
2025-01-17 08:20:00,101810.34,101838.1,101749.15,101796.67,138.45234,60.4772004241778,72.02753686862707,51.215555227925385,101571.646,101829.74167058521,101313.55032941478,False,False
2025-01-17 08:25:00,101796.67,101900.0,101766.0,101899.99,134.88021,63.57387196611824,87.2101082301524,58.414465828370794,101597.896,101877.6584865114,101318.13351348859,False,False
2025-01-17 08:30:00,101900.0,102083.76,101880.01,102044.51,324.61767,69.23127993550513,109.64009880421509,68.65959242353965,101630.0685,101958.31319083949,101301.8238091605,False,False
2025-01-17 08:35:00,102044.51,102190.0,102016.86,102016.86,267.12033,68.04444693029055,123.75829542145948,79.67933302312362,101660.462,102014.10273518652,101306.82126481348,False,False
2025-01-17 08:40:00,102016.86,102026.76,101882.87,101964.6,134.97651,68.7092887533418,129.24032074355637,89.59153056721017,101686.488,102049.56696926166,101323.40903073833,False,False
2025-01-17 08:45:00,101964.61,101964.61,101695.0,101863.3,238.82797,63.31667881058989,123.98161897888349,96.46954824954484,101706.33050000001,102062.07919039093,101350.5818096091,False,False
2025-01-17 08:50:00,101863.3,102048.0,101822.3,102047.99,109.77416,65.48544006268,133.18176296408637,103.81199119245315,101727.7885,102111.9519334377,101343.6250665623,False,False
2025-01-17 08:55:00,102047.99,102220.14,102047.99,102136.01,176.25913,73.2821411816988,145.89365055403323,112.22832306476917,101752.089,102175.059893208,101329.11810679201,False,False
2025-01-17 09:00:00,102136.0,102276.46,102079.72,102202.58,176.61997,81.94078158714913,159.50092828914057,121.68284410964345,101780.269,102244.58786402627,101315.95013597373,False,False
2025-01-17 09:05:00,102202.59,102280.64,102117.08,102266.1,119.29491,83.96468594184546,173.41134898428572,132.02854508457193,101812.088,102318.29782117791,101305.8781788221,False,False
2025-01-17 09:10:00,102266.09,102288.0,102150.0,102182.19,93.7458,76.66769882250529,175.63995381399582,140.7508268304567,101842.8435,102360.9795061759,101324.7074938241,False,False
2025-01-17 09:15:00,102182.19,102217.66,102020.09,102032.0,130.77686,64.16662490185249,163.40344815277786,145.28135109492095,101866.6305,102372.91563411974,101360.34536588026,False,False
2025-01-17 09:20:00,102032.0,102080.33,102007.97,102034.99,75.23983,64.16003876487119,152.19281325407792,146.66364352675237,101884.9545,102387.56240097788,101382.34659902213,False,False
2025-01-17 09:25:00,102034.99,102090.18,101992.37,102026.07,135.29169,59.88145189365481,140.9635943077592,145.52363368295374,101907.746,102391.2418560712,101424.2501439288,False,False
2025-01-17 09:30:00,102026.07,102038.53,101870.68,101874.99,71.30324,53.186485914691,118.50738465684117,140.12038387773123,101928.6695,102363.74029856903,101493.59870143098,False,False
2025-01-17 09:35:00,101874.99,101920.12,101847.02,101867.42,97.86011,48.56290648523165,98.95910205677501,131.88812751353998,101950.01550000001,102321.48211112141,101578.5488888786,False,False
2025-01-17 09:40:00,101867.43,101932.81,101784.76,101801.53,69.08692,38.47955545440786,77.25957464009116,120.96241693885023,101962.84800000001,102290.53850363531,101635.15749636471,False,False
2025-01-17 09:45:00,101801.53,101873.37,101801.52,101825.05,59.8351,40.86992945746058,61.25430871946446,109.02079529497308,101969.46050000002,102279.04355668844,101659.87744331159,False,False
2025-01-17 09:50:00,101825.34,101940.12,101762.08,101927.78,87.48278,48.3277318557541,56.211501417303225,98.45893651943912,101981.049,102263.71456366159,101698.38343633841,False,False
2025-01-17 09:55:00,101927.78,101937.48,101743.19,101861.26,60.68086,49.90432596705774,46.31355835814611,88.02986088718052,101983.59449999999,102260.64886050126,101706.54013949873,False,False
2025-01-17 10:00:00,101861.26,101912.22,101794.14,101886.92,61.7156,41.12160866066198,40.077921393211,78.43947298838661,101988.107,102255.09950958175,101721.11449041826,False,False
2025-01-17 10:05:00,101886.93,101978.27,101860.0,101978.27,73.37035,41.33696535664949,42.022901874865056,71.1561587656823,101992.02100000001,102255.85089886055,101728.19110113947,False,False
2025-01-17 10:10:00,101978.26,102149.34,101936.31,102057.6,164.52226,42.14779349639343,49.39617260124942,66.80416153279573,101992.6755,102257.1178990591,101728.2331009409,False,False
2025-01-17 10:15:00,102057.61,102128.05,102000.52,102077.12,162.05174,39.252485270365234,56.16718331165612,64.67676588856781,101995.6885,102262.65228096767,101728.72471903234,False,False
2025-01-17 10:20:00,102077.13,102179.91,102031.35,102160.56,91.63755,48.76921851350251,67.48820670800342,65.23905405245495,102005.4865,102281.86419247159,101729.1088075284,False,False
2025-01-17 10:25:00,102160.56,102250.0,102160.56,102232.64,118.1114,62.5306020484633,81.33882952043496,68.45900914605096,102023.9535,102309.53254141573,101738.37445858428,False,False
2025-01-17 10:30:00,102232.64,102400.0,102173.59,102368.13,264.65832,67.8512485264169,102.07183794018056,75.18157490487688,102039.9605,102364.44984005543,101715.47115994457,False,False
2025-01-17 10:35:00,102368.14,102500.0,102348.78,102490.22,205.15287,72.18117694285347,126.8918093466491,85.52362179323133,102057.671,102438.08025352092,101677.26174647908,False,False
2025-01-17 10:40:00,102490.22,102581.45,102353.9,102372.23,225.07479,74.53858149588325,135.4792876924912,95.5147549730833,102066.1535,102467.17532401712,101665.13167598288,False,False
2025-01-17 10:45:00,102372.23,102411.78,102260.0,102402.0,77.2552,75.81564256601402,143.03826032594952,105.01945604365655,102072.94850000001,102492.41651372457,101653.48048627545,False,False
2025-01-17 10:50:00,102401.99,102402.0,102304.06,102313.08,59.49708,74.16596593002684,140.23713335413777,112.06299150575279,102079.49299999999,102510.07437965964,101648.91162034034,False,False
2025-01-17 10:55:00,102313.07,102324.39,102255.27,102321.53,46.54228,73.79281921521223,137.1184483094985,117.07408286650194,102093.96949999999,102537.11293280836,101650.82606719162,False,False
2025-01-17 11:00:00,102321.54,102321.54,102106.0,102169.35,146.7078,61.052901289360506,120.97271560147055,117.85380941349567,102100.6875,102544.1398632105,101657.2351367895,False,False
2025-01-17 11:05:00,102169.34,102200.0,102082.64,102197.01,70.14098,65.92847722334511,109.15081429918064,116.11321039063267,102109.2345,102553.22044598327,101665.24855401674,False,False
2025-01-17 11:10:00,102197.0,102211.13,102153.63,102211.13,35.50593,65.55128119034174,99.77113875692885,112.84479606389192,102126.04149999999,102557.9770271713,101694.10597282868,False,False
2025-01-17 11:15:00,102211.12,102381.31,102195.89,102365.46,63.76734,67.51404507088142,103.5966221496783,110.9951612810492,102150.9435,102577.4922863886,101724.39471361139,False,False
2025-01-17 11:20:00,102365.47,102430.98,102338.6,102420.09,44.39417,66.77153987803845,109.77115617931122,110.75036026070163,102181.8715,102591.09479250359,101772.6482074964,False,False
2025-01-17 11:25:00,102420.09,102443.5,102338.66,102338.66,37.49933,61.445150448984364,106.86196026318066,109.97268026119744,102207.552,102585.78163760422,101829.32236239577,False,False
2025-01-17 11:30:00,102338.66,102385.49,102250.61,102250.62,79.63625,53.92527763733669,96.34174169342441,107.24649254764284,102223.694,102578.47935437657,101868.90864562344,False,False
2025-01-17 11:35:00,102250.61,102327.62,102211.45,102323.23,57.795,53.94655444319545,92.79374433313205,104.3559429047407,102246.79250000001,102559.93389176569,101933.65110823433,False,False
2025-01-17 11:40:00,102323.23,102344.3,102306.39,102312.02,37.27771,47.258728002892155,88.06225073935639,101.09720447166384,102268.0475,102532.21817185538,102003.87682814462,False,False
2025-01-17 11:45:00,102312.02,102312.03,102235.54,102288.91,46.21178,39.11190437557459,81.50814891245682,97.17939335982244,102283.57949999999,102509.81811055157,102057.34088944842,False,False
2025-01-17 11:50:00,102288.91,102297.73,102245.73,102250.9,36.04223,42.816204246450226,72.41216430263012,92.22594754838397,102293.2445,102493.90474602768,102092.58425397232,False,False
2025-01-17 11:55:00,102250.91,102280.0,102225.95,102237.6,33.90863,40.07246376811595,63.39950212340045,86.46065846338726,102301.26849999999,102476.80098759459,102125.7360124054,False,False
2025-01-17 12:00:00,102237.6,102330.0,102195.9,102325.85,79.49707,50.771759757291804,62.655684152501635,81.69966360121015,102309.53300000001,102472.2692647906,102146.79673520943,False,False
2025-01-17 12:05:00,102325.3,102512.16,102296.43,102495.61,91.21437,58.80401359443311,74.90100415647612,80.33993171226334,102322.68149999999,102501.00653844941,102144.35646155057,False,False
2025-01-17 12:10:00,102495.61,102568.99,102454.6,102519.99,54.40603,70.3661539891273,85.58618644840317,81.3891826594913,102330.27450000001,102528.56251322449,102131.98648677554,False,False
2025-01-17 12:15:00,102519.99,102625.9,102480.56,102625.9,73.08281,72.83540448732325,101.43108782870695,85.39756369333443,102337.0585,102565.39461746279,102108.7223825372,False,False
2025-01-17 12:20:00,102625.89,102666.0,102556.58,102593.06,78.26905,69.93767031039587,110.06955941922206,90.33196283851197,102348.1,102603.36622066113,102092.83377933888,False,False
2025-01-17 12:25:00,102593.07,102595.46,102429.24,102529.24,79.15274,59.44194627003382,110.492184632094,94.36400719722837,102354.462,102621.45736558974,102087.46663441026,False,False
2025-01-17 12:30:00,102529.24,102529.25,102417.48,102435.42,55.65845,50.84556917340524,102.0799145323981,95.90718866426234,102360.579,102629.18333393078,102091.97466606922,False,False
2025-01-17 12:35:00,102435.99,102486.72,102374.25,102486.71,68.43977,58.44696753580216,98.41731072741095,96.40921307689207,102368.838,102642.4971626248,102095.1788373752,False,False
2025-01-17 12:40:00,102486.71,102789.0,102486.71,102711.44,362.01435,72.74441285635397,112.35336403432302,99.59804326837826,102395.9425,102692.80750280355,102099.07749719646,False,False
2025-01-17 12:45:00,102711.43,102959.66,102705.35,102900.0,216.22361,75.54362749005821,137.03336746242712,107.08510810718803,102431.09199999999,102788.98113858911,102073.20286141087,False,False
2025-01-17 12:50:00,102900.01,102918.51,102741.74,102804.99,143.65249,70.32379884398823,147.2287733680423,115.1138411593589,102460.785,102839.75450764722,102081.81549235279,False,False
2025-01-17 12:55:00,102804.99,102821.61,102735.64,102745.69,66.0294,68.28612147512393,148.80832188818022,121.85273730512316,102479.79650000001,102876.3713691391,102083.22163086092,False,False
2025-01-17 13:00:00,102745.68,102952.0,102745.68,102924.36,96.4651,74.2314556287967,162.6029160633625,130.00277305677102,102505.01,102947.1096923058,102062.91030769418,False,False
2025-01-17 13:05:00,102924.36,102980.0,102828.58,102842.04,66.24224,70.71901608325423,164.99078425118933,137.0003752956547,102530.179,102989.38769751074,102070.97030248927,False,False
2025-01-17 13:10:00,102842.03,102873.93,102755.42,102772.0,63.86992,65.4864799194696,159.39414782566018,141.4791298016558,102556.24799999999,103007.7664413603,102104.72955863968,False,False
2025-01-17 13:15:00,102772.0,102834.22,102564.0,102576.88,112.44522,52.77218739127189,137.62773298715183,140.708850438755,102568.9305,103006.93762892422,102130.92337107578,False,False
2025-01-17 13:20:00,102576.87,102692.0,102513.03,102561.94,117.94259,51.44022466818176,117.81407198274974,136.12989474755395,102581.4265,103002.50569631525,102160.34730368476,False,False
2025-01-17 13:25:00,102561.95,102744.0,102540.38,102552.0,76.86558,47.283887092031954,100.15500342396263,128.9349164828357,102594.581,102993.01232517413,102196.14967482588,False,False
2025-01-17 13:30:00,102552.01,102770.0,102528.34,102659.1,112.53184,52.30159062077454,93.72177303260833,121.89228779279023,102614.99100000001,102979.68710529432,102250.2948947057,False,False
2025-01-17 13:35:00,102659.1,102745.01,102422.45,102472.01,135.44877,48.16326792602974,72.68888001336018,112.05160623690422,102626.7115,102953.4296727277,102299.99332727231,False,False
2025-01-17 13:40:00,102472.01,102839.02,102472.0,102771.95,111.29737,59.53856183214749,79.30859197820246,105.50300338516388,102649.0165,102949.07402082066,102348.95897917934,False,False
2025-01-17 13:45:00,102771.95,102815.92,102632.28,102651.27,70.16087,54.487738895191484,73.96427979136934,99.19525866640498,102656.79950000001,102948.04870502984,102365.55029497018,False,False
2025-01-17 13:50:00,102651.27,102661.6,102484.9,102487.29,52.50762,43.67768758214898,55.853217197203776,90.52685037256474,102655.16449999998,102949.99259945881,102360.33640054116,False,False
2025-01-17 13:55:00,102487.29,102514.43,102431.56,102474.14,75.26596,36.66921266152468,39.978131492985995,80.41710659664899,102647.5765,102953.19030612755,102341.96269387244,False,False
2025-01-17 14:00:00,102474.14,102684.0,102470.81,102640.68,85.04043,45.07703093821313,40.37003720627399,72.40769271857398,102649.95749999999,102954.52316920432,102345.39183079566,False,False
2025-01-17 14:05:00,102640.67,102683.17,102504.0,102594.11,55.42464,45.4235302642384,36.50204268300149,65.2265627114595,102653.201,102953.70828870394,102352.69371129606,False,False
2025-01-17 14:10:00,102594.11,102713.8,102517.8,102543.04,73.47965,37.526169789594746,28.981624835068942,57.977575136181386,102658.58200000001,102946.24948857517,102370.91451142485,False,False
2025-01-17 14:15:00,102543.05,102747.79,102530.11,102747.78,60.41651,47.145193530801556,39.09182025521295,54.200424159987705,102671.6355,102950.00791072268,102393.26308927733,False,False
2025-01-17 14:20:00,102747.78,102747.79,102652.57,102707.86,88.06089,48.02132306667164,43.3829212794808,52.03692358388633,102671.4565,102949.72572626341,102393.18727373659,False,False
2025-01-17 14:25:00,102707.98,102782.2,102604.2,102751.39,139.05108,55.938986788638395,49.72298138363112,51.574135143835285,102664.02599999998,102923.9301755724,102404.12182442757,False,False
2025-01-17 14:30:00,102751.38,102990.0,102279.41,102872.8,437.32569,59.86443775941501,63.80874948366545,54.02105801180132,102667.41649999999,102936.66464665046,102398.16835334952,False,False
2025-01-17 14:35:00,102875.29,103200.0,102609.68,102745.23,601.47582,55.705756249667616,63.94091822888004,56.00503005521707,102667.39349999999,102936.6135706739,102398.17342932608,False,False
2025-01-17 14:40:00,102745.24,102861.75,102374.67,102546.33,379.29241,46.84133573097146,47.44913114061637,54.293850272296936,102648.492,102893.76590726114,102403.21809273885,False,False
2025-01-17 14:45:00,102546.34,102974.53,102537.31,102666.56,366.90384,55.66134917909719,43.57848164251482,52.150776546340516,102639.71800000001,102867.79120538532,102411.6447946147,False,False
2025-01-17 14:50:00,102666.56,103048.0,102537.27,103031.74,240.02122,57.28327361828369,69.18046871217666,55.556714979507746,102652.705,102935.50754070918,102369.90245929082,False,False
2025-01-17 14:55:00,103031.75,103395.47,103025.68,103378.95,340.90034,68.10149253731326,116.14828799795941,67.67502958319808,102692.8085,103120.63252212391,102264.98447787609,False,False
2025-01-17 15:00:00,103379.23,103617.39,103285.79,103600.0,459.38171,76.9151504303195,169.25642803100345,87.99130927275917,102744.7115,103328.96091434192,102160.46208565809,False,False
2025-01-17 15:05:00,103600.0,104154.09,103596.53,104152.46,645.48751,82.1963796530054,253.00740466052957,120.99452835031325,102824.73449999999,103675.48581534853,101973.98318465146,False,False
2025-01-17 15:10:00,104152.3,104224.0,103950.0,104055.18,533.50984,77.8760957305919,307.9807635051984,158.3917753812903,102894.5385,103902.61680995458,101886.46019004541,False,False
2025-01-17 15:15:00,104055.17,104254.19,104028.62,104205.26,305.13356,80.50692448392947,359.51350033785275,198.61612037260278,102981.20099999999,104125.18357848152,101837.21842151845,False,False
2025-01-17 15:20:00,104205.26,104226.02,103636.55,103916.0,372.08511,73.84588129858754,372.71625996072544,233.43614829022732,103038.40349999999,104250.70251936285,101826.10448063712,False,False
2025-01-17 15:25:00,103915.99,104058.75,103508.54,103963.32,364.07547,72.3329903726023,382.5876384691219,263.26644632600625,103104.006,104368.95465788705,101839.05734211294,False,False
2025-01-17 15:30:00,103963.32,104115.12,103648.59,103810.11,304.99355,69.44216122397842,373.73977105012455,285.36111127082995,103170.14700000001,104437.65207983773,101902.64192016229,False,False
2025-01-17 15:35:00,103810.11,104100.0,103725.19,104019.99,285.27076,71.13600618452253,379.2911026044603,304.14710953755605,103247.43950000001,104524.73336015851,101970.1456398415,False,False
2025-01-17 15:40:00,104019.99,104127.91,103876.71,103920.38,248.6817,67.5813294665752,371.371933849543,317.59207439995345,103311.4245,104588.94993251175,102033.89906748824,False,False
2025-01-17 15:45:00,103920.38,103984.7,103665.4,103908.0,226.93526,70.29940119760462,359.94771976691845,326.06320347334645,103377.11899999999,104634.29923952335,102119.93876047664,False,False
2025-01-17 15:50:00,103908.01,103990.0,103806.75,103918.25,126.68601,75.63953053748932,347.71282018917555,330.3931268165123,103445.8795,104660.69679952266,102231.06220047733,False,False
2025-01-17 15:55:00,103918.25,104000.0,103836.0,104000.0,100.05886,75.28404350530128,340.68590091669466,332.4516816365488,103508.4905,104700.68122639562,102316.29977360438,False,False
2025-01-17 16:00:00,104000.0,104066.22,103870.89,104018.22,298.66075,71.53924086010193,332.7514667184296,332.51163865292494,103574.0085,104724.22374371493,102423.79325628506,False,False
2025-01-17 16:05:00,104018.22,104078.6,103841.18,103910.15,159.65732,62.95091719409758,314.1220215007779,328.8337152224956,103631.9465,104722.90266509482,102540.99033490519,False,False
2025-01-17 16:10:00,103910.15,104463.13,103894.49,104450.63,357.11451,67.94388777555076,339.0617778516171,330.8793277483199,103710.838,104798.84364254701,102622.832357453,False,False
2025-01-17 16:15:00,104450.63,104700.0,104419.2,104619.99,668.31563,61.763832624612796,368.24772054413916,338.3530063074838,103804.576,104864.98948619318,102744.16251380682,False,False
2025-01-17 16:20:00,104620.0,104777.0,104460.0,104567.42,293.46328,63.185478058524154,382.7240264081338,347.22721032761376,103905.6305,104838.73762991217,102972.52337008783,False,False
2025-01-17 16:25:00,104567.43,104644.73,104488.55,104601.95,162.91941,60.85697551576704,392.4588640348229,356.2735410690556,104002.4,104783.4991944549,103221.30080554509,False,False
2025-01-17 16:30:00,104601.95,104727.27,104500.0,104604.25,129.45674,72.34679498418686,395.7968836678774,364.17820958882,104081.0255,104760.72419050318,103401.32680949682,False,False
2025-01-17 16:35:00,104604.17,104945.0,104599.6,104938.58,264.4764,76.69107907210883,420.5718348485534,375.4569346407667,104159.007,104857.1732293112,103460.8407706888,False,False
2025-01-17 16:40:00,104938.57,104945.0,104783.05,104810.07,204.94802,77.7421431107951,424.93805774112116,385.35315926083763,104219.5105,104923.4097349373,103515.6112650627,False,False
2025-01-17 16:45:00,104810.07,104872.91,104615.61,104736.04,163.69797,71.48506652104159,417.610761628559,391.8046797343819,104248.68950000001,104988.35952678509,103509.01947321492,False,False
2025-01-17 16:50:00,104736.03,105000.0,104656.23,104981.07,163.91805,79.27155717210883,426.6574582739413,398.7752354422938,104294.98400000001,105096.93589002243,103493.03210997759,False,False
2025-01-17 16:55:00,104981.07,105000.0,104856.8,104972.81,214.39806,79.45222908795097,428.22421538045455,404.665031429926,104333.3615,105188.90607893017,103477.81692106983,False,False
2025-01-17 17:00:00,104972.81,104996.0,104791.71,104951.74,216.92184,78.41584593980718,422.8908858726645,408.3102023184737,104385.14850000001,105259.50323726567,103510.79376273435,False,False
2025-01-17 17:05:00,104951.75,104951.75,104650.34,104853.46,160.35201,73.25453396111209,406.05308200336003,407.858778255451,104429.65550000001,105304.22196678162,103555.08903321839,False,False
2025-01-17 17:10:00,104853.46,104892.07,104700.0,104753.34,97.24557,69.17430905505577,380.24690424815344,402.33640345399147,104476.817,105311.53306079577,103642.10093920422,False,False
2025-01-17 17:15:00,104753.34,104857.99,104700.01,104803.17,107.97779,74.02270404045778,359.67013359381235,393.8031494819557,104515.976,105333.76681256173,103698.18518743826,False,False
2025-01-17 17:20:00,104803.16,104974.0,104700.55,104967.01,107.30712,67.4210220908727,352.5197846926312,385.54647652409085,104568.30750000001,105359.1283884137,103777.48661158633,False,False
2025-01-17 17:25:00,104967.01,105269.24,104937.71,105015.11,662.20036,64.51793062904108,346.737377038502,377.7846566269731,104623.663,105373.81818678176,103873.50781321824,False,False
2025-01-17 17:30:00,105015.12,105152.52,104747.86,104763.15,223.34385,56.27263346130888,318.15620435179153,365.8589661719368,104665.90800000001,105340.11508084057,103991.70091915946,False,False
2025-01-17 17:35:00,104763.15,104763.15,104297.02,104399.79,413.77938,44.64907729934044,263.15185305192426,345.3175435479343,104685.89749999999,105297.80235424291,104073.99264575707,False,False
2025-01-17 17:40:00,104399.78,104485.94,104194.0,104257.52,188.34347,41.45560106259789,205.709220517223,317.39587894179203,104697.8625,105262.3150395309,104133.4099604691,False,False
2025-01-17 17:45:00,104259.18,104477.86,104193.93,104348.0,154.03552,33.45844023437958,165.57782214370673,287.032267582175,104719.75499999999,105179.89430034824,104259.61569965174,False,False
2025-01-17 17:50:00,104348.17,104413.7,104027.92,104195.01,166.64677,33.00582442722785,120.044586128628,253.6347312914656,104706.974,105210.72222551574,104203.22577448426,False,False
2025-01-17 17:55:00,104195.01,104195.01,104025.49,104125.46,136.28741,33.08773834716469,77.45422074782255,218.398629182737,104682.2475,105248.62753324321,104115.86746675678,False,False
2025-01-17 18:00:00,104125.46,104358.5,104039.05,104351.21,192.15296,32.36535898670668,61.21157868880255,186.96121908395014,104671.437,105255.0371259359,104087.83687406412,False,False
2025-01-17 18:05:00,104351.21,104405.0,104140.62,104235.81,103.14584,30.533544638140512,38.582596121908864,157.2854944915419,104653.12999999999,105268.03911150285,104038.22088849713,False,False
2025-01-17 18:10:00,104235.81,104388.0,104189.58,104387.98,86.04443,36.07381058248091,32.55256594986713,132.33890878320696,104642.31649999999,105268.35070213425,104016.28229786572,False,False
2025-01-17 18:15:00,104387.98,104600.0,104348.88,104583.92,123.54659,43.648197722645186,43.08775523446093,114.48867807345776,104624.58350000001,105235.18515490992,104013.9818450901,False,False
2025-01-17 18:20:00,104583.91,104740.0,104577.25,104613.79,97.5434,46.59884670316003,53.23358438636933,102.23765933604008,104614.76950000001,105219.09570603691,104010.44329396311,False,False
2025-01-17 18:25:00,104613.79,104727.38,104584.0,104613.95,110.23605,45.27384805978497,60.588708828610834,93.90786923455424,104608.66500000001,105210.29386176115,104007.03613823887,False,False
2025-01-17 18:30:00,104613.96,104720.6,104514.15,104690.81,141.50406,42.787984500172406,71.7920831485826,89.48471201735993,104594.152,105171.46827532085,104016.83572467916,False,False
2025-01-17 18:35:00,104690.81,104852.56,104677.51,104750.59,89.64361,43.134842775130416,84.52028715256893,88.49182704440173,104583.041,105137.7848989535,104028.2971010465,False,False
2025-01-17 18:40:00,104750.58,104761.85,104608.86,104723.21,60.3601,48.82664692472243,91.34517305708141,89.06249624693767,104571.6145,105103.31799210205,104039.91100789794,False,False
2025-01-17 18:45:00,104723.2,104917.82,104702.53,104892.03,116.95121,66.3272346127826,109.11845776223345,93.07368854999683,104573.54299999999,105109.8109399456,104037.27506005438,False,False
2025-01-17 18:50:00,104892.03,104935.87,104859.3,104899.71,88.86606,73.38927616675073,122.41253030604275,98.94145690120602,104580.8615,105131.26946984918,104030.45353015081,False,False
2025-01-17 18:55:00,104899.72,104946.01,104728.0,104835.68,97.73857,68.11078595938707,126.32529334969877,104.41822419090457,104582.487,105135.8434544171,104029.13054558288,False,False
2025-01-17 19:00:00,104835.68,104915.99,104770.62,104837.58,76.47682,76.87925106041223,128.10281090982608,109.15514153468887,104576.0155,105113.22914596242,104038.80185403756,False,False
2025-01-17 19:05:00,104837.57,104868.0,104684.21,104848.0,115.32456,81.79745810449154,128.8668168511067,113.09747659797245,104567.66,105080.7760087142,104054.54399128581,False,False
2025-01-17 19:10:00,104848.15,105128.92,104848.15,105128.92,180.69353,82.64041029773367,150.40640194070875,120.55926166651972,104585.9485,105151.768863022,104020.128136978,False,False
2025-01-17 19:15:00,105128.92,105467.5,105061.58,105398.0,319.35423,93.20376800172468,187.03318339904945,133.85404601302565,104635.85900000001,105300.08418955293,103971.63381044709,False,False
2025-01-17 19:20:00,105397.99,105661.5,105372.2,105650.01,420.02914,93.6733917015605,233.70130923223041,153.8234986568666,104705.4835,105484.6986474331,103926.2683525669,False,False
2025-01-17 19:25:00,105650.01,105772.98,105378.61,105409.29,242.46343,77.703859347623,248.39865785672737,172.73853049683876,104758.548,105578.73019823253,103938.36580176746,False,False
2025-01-17 19:30:00,105409.29,105435.69,105140.95,105151.14,165.6959,65.63964352032426,236.48975825647358,185.48877604876571,104806.3545,105599.23912744565,104013.46987255436,False,False
2025-01-17 19:35:00,105151.15,105416.0,105145.99,105320.06,123.21207,68.71312948210343,237.93948354678287,195.97891754836917,104866.0845,105622.12490781568,104110.04409218431,False,False
2025-01-17 19:40:00,105320.05,105650.0,105320.05,105634.32,134.20476,72.2099554157821,261.43292092754564,209.06971822420448,104930.23999999999,105719.35778665767,104141.12221334231,False,False
2025-01-17 19:45:00,105634.31,105725.0,105493.98,105699.99,208.07761,72.28680350804724,282.0988001184596,223.67553460305552,105003.449,105792.9789827342,104213.91901726578,False,False
2025-01-17 19:50:00,105699.99,105865.22,105635.46,105752.0,218.40197,73.87437981240024,299.22416073677596,238.78525982979963,105071.65,105872.89213455595,104270.40786544404,False,False
2025-01-17 19:55:00,105752.0,105839.64,105709.68,105834.93,109.71952,72.78967467491634,315.84700269426685,254.1976084026931,105134.20049999999,105969.7163577835,104298.68464221648,False,False
2025-01-17 20:00:00,105834.93,105847.02,105579.24,105579.25,182.25177,64.66611991194358,304.87507542230014,264.33310180661454,105182.4735,106002.81340057348,104362.13359942651,False,False
2025-01-17 20:05:00,105579.25,105580.52,105286.94,105459.16,175.52781,63.138286215209625,283.2246472129482,268.1114108878813,105224.73399999998,106008.00189478723,104441.46610521273,False,False
2025-01-17 20:10:00,105459.15,105595.06,105319.33,105449.99,146.49398,62.86559413116665,262.30291973025305,266.94971265635564,105262.693,106009.75933826636,104515.62666173364,False,False
2025-01-17 20:15:00,105449.99,105555.05,105356.12,105497.09,212.86623,63.42920747627987,246.6793107939011,262.89563228386476,105300.018,106013.17892506097,104586.85707493902,False,False
2025-01-17 20:20:00,105497.1,105561.88,105332.41,105332.42,213.20885,54.423028437790784,218.491362928733,254.0147784128384,105330.47850000001,105989.92459586907,104671.03240413095,False,False
2025-01-17 20:25:00,105332.41,105459.62,105260.09,105310.01,161.36586,47.85786278051781,192.129166020939,241.63765593445854,105351.37749999999,105977.99330385018,104724.7616961498,False,False
2025-01-17 20:30:00,105310.01,105338.77,105092.47,105178.01,242.02406,37.79592301089039,158.75560244906228,225.0612452373793,105365.29250000001,105961.28882668691,104769.29617331311,False,False
2025-01-17 20:35:00,105178.01,105216.0,105079.31,105088.01,163.92145,40.9907686785637,123.61955574802414,204.77290733950827,105377.90899999999,105936.18979427549,104819.62820572448,False,False
2025-01-17 20:40:00,105088.02,105118.75,104873.95,105033.63,199.4734,46.279657314362865,90.344538466612,181.887233564929,105387.7115,105911.88878749471,104863.5342125053,False,False
2025-01-17 20:45:00,105033.63,105048.46,104848.0,104914.34,125.81655,36.73822941045697,53.72878944594413,156.25554474113204,105391.02849999999,105901.48561412112,104880.57138587885,False,False
2025-01-17 20:50:00,104914.34,105022.03,104802.87,104955.94,189.49757,23.015910898964975,27.747461416118313,130.5539280761293,105382.3795,105916.83362259125,104847.92537740874,False,False
2025-01-17 20:55:00,104955.93,104955.93,104539.18,104692.7,234.02959,15.374990547033718,-13.923692583484808,101.65840394420648,105347.1145,105963.95486179044,104730.27413820956,False,False
2025-01-17 21:00:00,104692.7,104759.89,104566.99,104699.99,217.25823,12.690711777848662,-45.83181959076319,72.16035923721255,105299.6135,105962.81699917268,104636.41000082734,False,False
2025-01-17 21:05:00,104699.99,104900.01,104539.64,104590.46,364.07986,6.682446308608419,-79.04620035612606,41.91904731854483,105258.67199999999,105990.87564002472,104526.46835997526,False,False
2025-01-17 21:10:00,104590.36,104788.55,104583.27,104779.99,56.90736,20.83631321608432,-89.04884966964892,15.72546792090608,105240.1145,106002.00494932721,104478.22405067278,False,False
2025-01-17 21:15:00,104779.99,104840.0,104705.48,104753.22,104.34868,22.35900327334818,-98.00638004725624,-7.020901672726385,105211.77249999999,106002.75797615467,104420.78702384532,False,False
2025-01-17 21:20:00,104753.22,104955.85,104742.46,104908.1,100.77851,30.955443561141465,-91.5524066388607,-23.92720266595325,105175.4615,105951.30419087117,104399.61880912883,False,False
2025-01-17 21:25:00,104908.09,105041.05,104908.09,104988.67,83.01918,32.54244039116608,-79.0253060295654,-34.946823338675685,105139.89550000001,105878.83336430423,104400.9576356958,False,False
2025-01-17 21:30:00,104988.66,105027.21,104768.67,104829.68,77.97454,32.669874800066296,-80.99301573989214,-44.15606181891898,105093.77949999999,105785.48472670418,104402.0742732958,False,False
2025-01-17 21:35:00,104829.67,104876.61,104680.88,104752.0,72.54649,31.470695666611675,-87.80836647316755,-52.8865227497687,105039.633,105652.0550881596,104427.2109118404,False,False
2025-01-17 21:40:00,104751.99,104931.47,104680.0,104820.01,86.25222,37.58461879924545,-86.72206443829054,-59.65363108747307,105001.671,105565.44855101264,104437.89344898736,False,False
2025-01-17 21:45:00,104820.02,104905.15,104757.85,104769.97,32.03847,38.65601369667596,-88.87448233758914,-65.4978013374963,104967.2115,105496.4421986457,104437.98080135431,False,False
2025-01-17 21:50:00,104769.97,104775.98,104462.02,104543.77,152.15989,34.43525120422983,-107.59247946854157,-73.91673696370536,104921.90049999999,105431.9201628383,104411.88083716168,False,False
2025-01-17 21:55:00,104543.78,104697.33,104543.77,104604.49,83.76014,39.77426487574697,-116.18769112988957,-82.3709277969422,104877.27050000001,105328.15034042629,104426.39065957374,False,False
2025-01-17 22:00:00,104604.49,104694.42,104570.37,104658.11,66.23192,40.24831867563363,-117.32037615083391,-89.36081746772055,104843.55500000001,105249.76354210968,104437.34645789034,False,False
2025-01-17 22:05:00,104658.11,104673.4,104477.81,104528.19,84.96782,44.09829596412569,-127.23481169545266,-96.93561631326698,104804.464,105170.1179186527,104438.81008134731,False,False
2025-01-17 22:10:00,104528.2,104543.45,104372.6,104401.2,91.66642,40.12884469258939,-143.68281889767968,-106.28505683014953,104765.6235,105129.23167397131,104402.01532602869,False,False
2025-01-17 22:15:00,104401.1,104440.55,104344.0,104369.87,105.04757,42.3152760843054,-157.4312824447552,-116.51430195307067,104729.71650000001,105101.03089912809,104358.40210087193,False,False
2025-01-17 22:20:00,104369.86,104481.31,104369.86,104441.87,52.68507,37.17026378896832,-160.6651922614692,-125.34448001475039,104700.1285,105063.70329978953,104336.55370021048,False,False
2025-01-17 22:25:00,104441.87,104586.31,104441.87,104586.3,52.96368,44.18551185052044,-149.8464584453759,-130.2448757008755,104683.7265,105036.03508634219,104331.41791365782,False,False
2025-01-17 22:30:00,104586.3,104586.74,104445.06,104549.69,70.01076,36.39407490642363,-142.5830463849561,-132.71250983769164,104663.414,104995.92913797742,104330.89886202259,False,False
2025-01-17 22:35:00,104549.68,104650.0,104549.68,104601.03,73.4238,34.95046122309523,-131.17196233323193,-132.4044003367997,104658.83050000001,104992.1720917927,104325.48890820732,False,False
2025-01-17 22:40:00,104601.04,104616.05,104486.84,104580.79,36.85893,39.17050290219551,-122.35140403249534,-130.39380107593885,104652.8705,104987.3739696035,104318.3670303965,False,False
2025-01-17 22:45:00,104580.8,104580.8,104204.0,104320.91,114.25286,33.80979922333303,-134.77756030364253,-131.27055292147958,104639.393,105004.77947340929,104274.0065265907,False,False
2025-01-17 22:50:00,104320.92,104510.19,104320.91,104441.14,55.32869,36.30804813703883,-133.38622905962984,-131.69368814910962,104622.4505,104991.78997456447,104253.11102543554,False,False
2025-01-17 22:55:00,104441.15,104510.19,104384.21,104410.39,34.91689,36.821427000718224,-133.22907518970896,-132.0007655572295,104605.309,104980.86408351322,104229.75391648676,False,False
2025-01-17 23:00:00,104410.4,104410.4,104240.66,104400.32,95.56182,43.75288512624884,-132.39097372251854,-132.0788071902873,104579.92000000001,104937.51246801062,104222.3275319894,False,False
2025-01-17 23:05:00,104400.32,104422.67,104328.94,104392.0,29.459,40.303724457667215,-130.88931617731578,-131.840908987693,104550.0865,104860.54639046821,104239.6266095318,False,False
2025-01-17 23:10:00,104392.01,104467.99,104352.93,104448.21,44.83301,40.44449705004038,-123.73719911280205,-130.22016701271482,104531.013,104814.88128302665,104247.14471697336,False,False
2025-01-17 23:15:00,104448.21,104481.89,104425.0,104425.01,40.8978,44.79729729729702,-118.57429031167703,-127.89099167250727,104514.6635,104782.13350573619,104247.1934942638,False,False
2025-01-17 23:20:00,104425.0,104465.46,104408.22,104446.61,27.23085,52.56203382945365,-111.45492540695705,-124.60377841939723,104495.99350000001,104722.75067810286,104269.23632189716,False,False
2025-01-17 23:25:00,104446.61,104526.32,104417.83,104425.24,50.88259,53.15948644793203,-106.31166315503651,-120.94535536652509,104478.75700000001,104666.95643577054,104290.55756422949,False,False
2025-01-17 23:30:00,104425.24,104425.24,104265.47,104265.48,37.80897,40.851235983029476,-113.8149002721475,-119.51926434764958,104464.8425,104672.90549833956,104256.77950166044,False,False
2025-01-17 23:35:00,104265.48,104381.57,104265.48,104320.6,42.45605,34.811935520750595,-113.99943191348575,-118.41529786081682,104450.648,104657.32766646393,104243.96833353608,False,False
2025-01-17 23:40:00,104320.59,104340.0,104263.7,104263.7,22.54877,34.02272651091107,-117.38390049956797,-118.20901838856706,104430.92749999999,104629.36052588605,104232.49447411393,False,False
2025-01-17 23:45:00,104263.71,104263.71,104169.0,104180.92,39.83544,27.326403505932234,-125.30137417242804,-119.62748954533926,104413.564,104635.53998062378,104191.58801937621,False,False
2025-01-17 23:50:00,104180.92,104180.92,104116.81,104160.31,64.90875,27.31549417350122,-131.72068973751448,-122.04612958377432,104401.51950000001,104650.78438396296,104152.25461603705,False,False
2025-01-17 23:55:00,104160.3,104160.31,104065.25,104077.48,53.73343,33.765921973991766,-141.85649891544017,-126.00820345010749,104386.9,104675.21889413455,104098.58110586544,False,False
2025-01-18 00:00:00,104077.47,104277.58,104075.34,104214.05,165.46643,35.17863436410995,-137.28658873957465,-128.26388050800094,104375.50899999999,104672.5531403939,104078.46485960609,False,False
2025-01-18 00:05:00,104214.04,104356.55,104190.0,104323.53,68.12,44.85925996070196,-123.40820796089247,-127.29274599857925,104362.37049999999,104642.94654973049,104081.79445026949,False,False
2025-01-18 00:10:00,104323.53,104401.06,104323.53,104359.99,69.93958,47.68540306011187,-108.21998133412853,-123.47819306568911,104352.8855,104619.2653774174,104086.50562258261,False,False
2025-01-18 00:15:00,104360.0,104476.55,104348.48,104372.14,40.04547,48.86519473395505,-94.11786666835542,-117.60612778622237,104341.441,104581.2774122201,104101.60458777992,False,False
2025-01-18 00:20:00,104372.13,104372.14,104289.5,104305.67,39.86245,41.94962159719866,-87.29908319324022,-111.54471886762596,104327.685,104539.66028003665,104115.70971996334,False,False
2025-01-18 00:25:00,104305.66,104305.67,104210.52,104224.88,43.29007,39.38741528704387,-87.40665644557157,-106.71710638321508,104322.88350000001,104539.79779122389,104105.96920877614,False,False
2025-01-18 00:30:00,104224.88,104314.54,104210.52,104313.01,38.71366,43.382338372530555,-79.46453684047447,-101.26659247466696,104316.477,104526.13241534246,104106.82158465753,False,False
2025-01-18 00:35:00,104313.01,104466.97,104299.99,104466.97,38.04945,51.82704179473012,-60.05479029129492,-93.02423203799256,104319.30600000001,104535.7152342988,104102.89676570123,False,False
2025-01-18 00:40:00,104466.96,104608.41,104466.96,104578.83,48.48807,64.31985814954628,-35.24003398875357,-81.46739242814476,104328.2315,104571.73776995124,104084.72523004875,False,False
2025-01-18 00:45:00,104578.84,104615.66,104549.95,104564.01,24.07755,61.5490458431779,-16.578899746164097,-68.48969389174863,104336.832,104601.08801586197,104072.57598413802,False,False
2025-01-18 00:50:00,104564.0,104564.01,104535.19,104535.2,27.12598,63.23460593534296,-4.067653262696695,-55.60528576593825,104341.18149999999,104615.81612450906,104066.54687549092,False,False
2025-01-18 00:55:00,104535.2,104656.87,104535.19,104656.87,35.5984,72.35325612196,15.486829347006278,-41.38686274334934,104352.7745,104659.9548513766,104045.5941486234,False,False
2025-01-18 01:00:00,104656.87,104656.87,104502.52,104514.1,47.27496,64.9055840643095,19.24174501732341,-29.26114119121479,104356.149,104669.0982880312,104043.19971196882,False,False
2025-01-18 01:05:00,104514.1,104572.0,104432.08,104438.59,62.09241,65.3084064606385,15.940761624922743,-20.220760627987282,104356.81649999999,104670.44249625443,104043.19050374554,False,False
2025-01-18 01:10:00,104438.59,104483.86,104431.22,104438.6,48.36366,60.765756695337146,13.173657694991562,-13.541876963391513,104365.4725,104678.03867629293,104052.90632370708,False,False
2025-01-18 01:15:00,104438.6,104438.61,104312.95,104386.4,43.58549,53.18939539980288,6.691469058190705,-9.495207759075068,104368.7625,104680.72457805007,104056.80042194993,False,False
2025-01-18 01:20:00,104386.4,104518.97,104368.2,104472.59,30.68035,55.43782718720372,8.412130735247047,-5.913740060210645,104379.20700000001,104690.34476790024,104068.06923209978,False,False
2025-01-18 01:25:00,104472.6,104636.21,104472.59,104585.01,129.92863,59.37249583924026,18.632339961026446,-1.0045240559632265,104399.4115,104708.80975449483,104090.01324550518,False,False
2025-01-18 01:30:00,104585.01,104585.01,104364.21,104367.14,73.6222,52.388093332608165,9.047349013009807,1.0058505578313803,104409.753,104698.64838059599,104120.857619404,False,False
2025-01-18 01:35:00,104367.15,104395.04,104299.04,104382.09,58.50642,56.43685973287872,2.6272296205424936,1.330126370373603,104424.9835,104668.70815130316,104181.25884869685,False,False
2025-01-18 01:40:00,104382.08,104439.92,104282.01,104282.01,52.09491,48.743025820682526,-10.416308132771519,-1.0191605302554214,104428.3815,104661.38281196875,104195.38018803125,False,False
2025-01-18 01:45:00,104282.01,104282.02,104082.19,104198.94,190.12924,38.46914982404531,-27.14356639381731,-6.2440417029678,104422.152,104672.93984723181,104171.36415276819,False,False
2025-01-18 01:50:00,104198.94,104266.64,104178.01,104236.63,62.10504,34.27476425932424,-36.93303008674411,-12.381839379723061,104415.98400000001,104678.97989721678,104152.98810278325,False,False
2025-01-18 01:55:00,104236.63,104268.47,104233.5,104268.14,35.05406,36.609187599004514,-41.66833035799209,-18.23913757537687,104410.784,104681.43127531803,104140.13672468197,False,False
2025-01-18 02:00:00,104268.14,104367.47,104268.14,104363.82,25.09394,42.68619518273891,-37.27087808777287,-22.04548567785607,104413.6915,104680.81057238496,104146.57242761504,False,False
2025-01-18 02:05:00,104363.83,104405.88,104345.44,104405.87,45.17104,38.507326007326,-30.046425419233856,-23.645673626131632,104422.741,104674.76370940951,104170.71829059048,False,False
2025-01-18 02:10:00,104405.87,104425.91,104368.42,104377.53,30.73282,43.014822467955945,-26.304573038825765,-24.17745350867046,104425.967,104673.6906870794,104178.2433129206,False,False
2025-01-18 02:15:00,104377.54,104455.61,104377.53,104431.48,20.63448,49.62814196504217,-18.769451395593933,-23.095853086055158,104424.19249999999,104671.18687009181,104177.19812990817,False,False
2025-01-18 02:20:00,104431.48,104460.6,104400.0,104438.2,30.72818,49.97922552767115,-12.115900804506964,-20.89986262974552,104417.161,104653.39199906928,104180.9300009307,False,False
2025-01-18 02:25:00,104438.2,104438.2,104398.0,104398.0,29.44229,50.6100639515318,-9.971769705458428,-18.7142440448881,104408.8605,104634.8081895637,104182.91281043629,False,False
2025-01-18 02:30:00,104398.0,104403.83,104362.0,104381.6,24.02715,44.835571498303246,-9.486518619814888,-16.86869895987346,104401.1805,104619.35499322244,104183.00600677756,False,False
2025-01-18 02:35:00,104381.61,104480.74,104380.0,104380.0,43.49055,36.68956382854382,-9.125862998655066,-15.320131767629782,104387.337,104569.33709451483,104205.33690548516,False,False
2025-01-18 02:40:00,104380.0,104406.03,104380.0,104406.03,34.68698,53.362616078994336,-6.662832378104213,-13.588671889724669,104381.9335,104554.24642052311,104209.62057947689,False,False
2025-01-18 02:45:00,104406.03,104455.18,104400.0,104400.0,18.6234,51.572846228155285,-5.1382034602429485,-11.898578203828325,104380.004,104550.50033876373,104209.50766123628,False,False
2025-01-18 02:50:00,104400.0,104500.0,104345.44,104345.44,79.59034,56.05444514441812,-8.237503271506284,-11.166363217363918,104375.34599999999,104544.18413293162,104206.50786706836,False,False
2025-01-18 02:55:00,104345.44,104345.45,104259.98,104327.98,50.42533,64.08057265069152,-11.964675451017683,-11.32602566409467,104372.425,104542.47496113915,104202.37503886086,False,False
2025-01-18 03:00:00,104327.99,104408.47,104305.63,104373.99,37.92055,64.7211385947617,-11.078161626399378,-11.276452856555611,104367.495,104530.90537981351,104204.08462018648,False,False
2025-01-18 03:05:00,104373.99,104462.74,104300.99,104462.74,51.90575,68.57650158463537,-3.1775805771758314,-9.656678400679656,104361.38149999999,104497.37713479938,104225.3858652006,False,False
2025-01-18 03:10:00,104462.74,104479.31,104407.89,104413.04,33.13272,55.15069066554901,-0.9161272699420806,-7.9085681745321414,104363.6765,104501.61657856297,104225.73642143703,False,False
2025-01-18 03:15:00,104413.03,104413.04,104267.76,104267.76,47.62511,38.11507151093769,-10.723180920729646,-8.471490723771643,104357.95999999999,104502.02709737686,104213.89290262312,False,False
2025-01-18 03:20:00,104267.76,104270.01,104147.73,104212.54,91.48277,36.42973466467073,-22.68958271642623,-11.31510912230256,104354.4865,104509.21892129652,104199.75407870348,False,False
2025-01-18 03:25:00,104212.54,104231.38,104073.99,104190.72,74.93236,29.092709020807504,-33.54702477611136,-15.76149225306432,104354.0755,104510.58106061509,104197.56993938492,False,False
2025-01-18 03:30:00,104190.71,104235.22,104164.01,104209.56,55.95917,30.554516074162606,-40.16835944080958,-20.642865690613377,104352.722,104513.902578637,104191.54142136298,False,False
2025-01-18 03:35:00,104209.32,104209.33,103697.37,103788.0,255.59924,18.532695045705267,-78.52697367164365,-32.21968728681943,104328.715,104627.35444164246,104030.07555835754,False,False
2025-01-18 03:40:00,103788.0,103788.0,103000.25,103290.8,451.95376,12.387763264968555,-147.34780278503604,-55.245310386462755,104275.06399999998,104826.0626706788,103724.06532932117,False,False
2025-01-18 03:45:00,103291.07,103686.0,103220.01,103575.69,206.35964,26.79897308679739,-176.8618107481161,-79.56861045879343,104233.55500000001,104862.61472142169,103604.49527857832,False,False
2025-01-18 03:50:00,103575.69,103663.1,103363.62,103623.96,205.31595,27.726291446180838,-194.1192037590954,-102.47872911885383,104195.8765,104876.76377074575,103514.98922925425,False,False
2025-01-18 03:55:00,103623.96,103657.17,103552.05,103559.82,101.77758,26.837955560456862,-210.54434980747465,-124.091853256578,104152.2935,104879.68318237943,103424.90381762056,False,False
2025-01-18 04:00:00,103559.82,103651.27,103460.09,103650.65,104.4144,31.221587377092405,-213.76799016095174,-142.02708063745277,104112.916,104860.1349472518,103365.69705274819,False,False
2025-01-18 04:05:00,103650.65,103726.23,103626.37,103663.99,105.61394,32.01397730043101,-212.79337231641694,-156.1803389732456,104076.2155,104836.46751767401,103315.963482326,False,False
2025-01-18 04:10:00,103663.99,103673.64,103500.0,103501.35,51.49038,27.766907178671858,-222.57891819528595,-169.46005481765366,104032.20300000001,104819.45518542497,103244.95081457504,False,False
2025-01-18 04:15:00,103501.35,103501.35,102931.25,103041.22,208.08985,19.54573110640733,-264.41467159675085,-188.4509781734731,103965.264,104849.6735830229,103080.85441697709,False,False
2025-01-18 04:20:00,103041.21,103252.79,102776.03,102817.38,220.30755,18.18859649122811,-312.03488099564856,-213.16775873790817,103885.8315,104881.8793792818,102889.7836207182,False,False
2025-01-18 04:25:00,102817.37,103026.32,102666.55,103010.34,322.51048,25.399502285105953,-330.3953882911301,-236.61328464855256,103816.3485,104854.37166362489,102778.3253363751,False,False
2025-01-18 04:30:00,103010.34,103399.27,103010.34,103390.24,95.83054,35.72574261550653,-310.70979841389635,-251.43258740162133,103768.5885,104791.90588200133,102745.27111799867,False,False
2025-01-18 04:35:00,103390.23,103533.9,103335.29,103452.57,74.92992,37.36420997853388,-286.77356932588737,-258.5007837864746,103724.818,104721.943280005,102727.692719995,False,False
2025-01-18 04:40:00,103452.57,103508.16,103448.0,103460.81,80.67664,37.136073285296504,-264.09471668626065,-259.61957036643184,103679.15900000001,104633.84941187286,102724.46858812717,False,False
2025-01-18 04:45:00,103460.8,103493.3,103347.17,103406.37,67.62394,42.496903446513066,-247.65955046789895,-257.22756638672524,103626.3405,104512.95787348603,102739.72312651399,False,False
2025-01-18 04:50:00,103406.37,103455.0,103281.25,103425.01,66.05881,53.25028213834204,-230.47371311202005,-251.87679573178423,103576.939,104385.67510893199,102768.20289106801,False,False
2025-01-18 04:55:00,103425.01,103600.0,103421.22,103599.27,68.43817,50.603390038690705,-200.48146204274963,-241.59772899397734,103543.5145,104284.44961634319,102802.57938365682,False,False
2025-01-18 05:00:00,103599.27,103758.18,103585.52,103757.84,73.7373,53.24280856093686,-162.04911192244617,-225.68800557967114,103520.7795,104200.66814681071,102840.8908531893,False,False
2025-01-18 05:05:00,103757.84,103758.15,103544.13,103604.56,81.28116,51.03882232748191,-142.31904716241115,-209.01421389621916,103491.4715,104096.13764340479,102886.80535659521,False,False
2025-01-18 05:10:00,103604.56,103605.0,103312.51,103398.5,127.26438,44.4426812657861,-141.6769844910159,-195.54676801517851,103450.9185,103952.8730226738,102948.9639773262,False,False
2025-01-18 05:15:00,103398.51,103659.45,103309.48,103607.44,134.38435,48.85258275404481,-122.89181305911916,-181.01577702396668,103441.89050000001,103924.43792337882,102959.3430766212,False,False
2025-01-18 05:20:00,103607.43,103760.0,103607.43,103757.34,58.10605,55.2211104267199,-94.81577489385381,-163.77577659794412,103465.2175,103961.91059477259,102968.5244052274,False,False
2025-01-18 05:25:00,103757.34,103771.21,103652.01,103660.77,79.00453,64.83646482401252,-79.44194698780484,-146.90901067591625,103469.4715,103971.57629532194,102967.36670467806,False,False
2025-01-18 05:30:00,103660.77,103696.0,103444.17,103640.33,65.4603,71.83435657697156,-68.12214510142803,-131.15163756101862,103470.29000000001,103973.50730214588,102967.07269785414,False,False
2025-01-18 05:35:00,103640.33,103640.33,103426.66,103441.12,60.74172,61.39159500312038,-74.36842971919395,-119.7949959926537,103464.355,103965.92351577933,102962.78648422066,False,False
2025-01-18 05:40:00,103441.13,103475.8,103367.34,103449.15,70.6009,51.93921957192952,-77.77416918076051,-111.39083063027506,103454.28,103948.12791790701,102960.43208209299,False,False
2025-01-18 05:45:00,103449.15,103571.44,103448.13,103549.26,94.05249,53.10562796703225,-71.57018534946837,-103.42670157411372,103448.5435,103934.74080806487,102962.34619193512,False,False
2025-01-18 05:50:00,103549.26,103567.23,103421.05,103421.06,140.50043,48.814600542748934,-76.12068023548636,-97.96549730638826,103444.529,103930.216065892,102958.84193410799,False,False
2025-01-18 05:55:00,103421.05,103421.06,102818.0,102829.27,392.95109,36.967028003613486,-126.02672973040899,-103.5777437911924,103433.93149999999,103963.9019055005,102903.96109449948,False,False
2025-01-18 06:00:00,102829.27,103126.29,102822.16,103089.78,188.28713,43.17492375410754,-142.90928440899006,-111.44405191475195,103447.5515,103921.8865826834,102973.21641731661,False,False
2025-01-18 06:05:00,103089.79,103243.6,103084.11,103243.6,72.96549,42.69800404856634,-142.23722001859278,-117.60268553552012,103459.2145,103898.45840009129,103019.97059990872,False,False
2025-01-18 06:10:00,103243.6,103288.0,103118.6,103236.55,53.28485,38.58777272309338,-140.65213002590463,-122.21257443359703,103451.53,103901.11066661004,103001.94933338996,False,False
2025-01-18 06:15:00,103236.55,103343.75,103207.27,103343.74,82.70523,44.17245354854293,-129.25660789458198,-123.62138112579403,103446.0885,103898.24324506558,102993.93375493442,False,False
2025-01-18 06:20:00,103343.75,103390.0,103200.0,103201.3,101.02079,45.46499862018219,-130.21821753081167,-124.94074840679757,103433.11299999998,103898.19839209602,102968.02760790395,False,False
2025-01-18 06:25:00,103201.31,103223.0,103160.05,103182.66,51.58332,39.2943192701245,-130.97459866992722,-126.14751845942351,103421.9275,103900.29208528822,102943.56291471179,False,False
2025-01-18 06:30:00,103182.65,103194.45,103049.02,103059.03,80.16581,32.16440287490495,-139.9368391786993,-128.90538260327867,103403.6285,103908.74823335261,102898.5087666474,False,False
2025-01-18 06:35:00,103059.03,103636.91,103014.62,103492.39,228.26532,46.330663086967434,-110.7937872789771,-125.28306353841836,103398.2845,103896.90894036104,102899.66005963895,False,False
2025-01-18 06:40:00,103492.38,103492.39,103382.35,103390.39,74.88242,44.740275591545355,-94.83505673329637,-119.19346217739397,103379.912,103848.95498308714,102910.86901691285,False,False
2025-01-18 06:45:00,103390.4,103574.16,103368.34,103574.16,100.34181,52.81799927135333,-66.5913213287422,-108.67303400766362,103378.392,103844.55791207777,102912.22608792224,False,False
2025-01-18 06:50:00,103574.16,103586.21,103500.0,103552.01,59.05773,52.16578373325023,-45.471114714600844,-96.03265014905107,103386.0675,103858.63857196487,102913.49642803514,False,False
2025-01-18 06:55:00,103552.01,103552.01,103440.38,103440.39,36.91935,47.71872917688189,-37.30991449308931,-84.28810301785872,103377.715,103839.59584608379,102915.8341539162,False,False
2025-01-18 07:00:00,103440.39,103488.9,103400.0,103400.01,38.76013,49.54206278417119,-33.711824125872226,-74.17284723946142,103359.8485,103786.17523184474,102933.52176815525,False,False
2025-01-18 07:05:00,103400.01,103465.96,103225.01,103225.02,58.75338,60.51659536020824,-44.467943363808445,-68.23186646433084,103338.061,103743.67031759796,102932.45168240204,False,False
2025-01-18 07:10:00,103225.03,103270.2,103030.85,103030.86,75.72097,48.3770383428824,-67.87689213015256,-68.16087159749517,103307.5875,103709.13662787878,102906.03837212121,False,False
2025-01-18 07:15:00,103030.85,103083.17,102958.93,102958.93,73.93054,41.788254841891856,-91.18171646696283,-72.76504057138871,103283.478,103708.48669314235,102858.46930685766,False,False
2025-01-18 07:20:00,102958.94,103219.43,102958.93,103104.75,101.35627,46.47985128840646,-96.76900942067732,-77.56583434124644,103266.258,103690.91136137936,102841.60463862064,False,False
2025-01-18 07:25:00,103104.75,103279.61,103104.75,103193.66,57.64727,45.952098392491116,-92.95120179840887,-80.64290783267893,103248.47799999999,103652.51748137496,102844.43851862501,False,False
2025-01-18 07:30:00,103193.66,103193.67,102813.03,102873.78,136.06505,41.937929540576235,-114.41826190291613,-87.39797864672637,103221.114,103649.34556831483,102792.88243168517,False,False
2025-01-18 07:35:00,102873.78,102906.62,102722.61,102850.91,101.89924,41.850776479142525,-131.75765928506735,-96.26991477439456,103222.19600000001,103646.34882208225,102798.04317791777,False,False
2025-01-18 07:40:00,102850.92,102887.6,102800.42,102823.43,53.71846,43.92570591753807,-146.03328219945251,-106.22258825940617,103208.8785,103665.98263137182,102751.77436862819,False,False
2025-01-18 07:45:00,102823.44,102828.95,102674.9,102678.09,77.11429,25.34366862472031,-167.147764172827,-118.40762344209034,103180.603,103695.03179084155,102666.17420915846,False,False
2025-01-18 07:50:00,102678.1,102857.63,102602.48,102836.0,144.98062,33.76327458250631,-169.18882253745687,-128.56386326116365,103160.5755,103696.56937362895,102624.58162637106,False,False
2025-01-18 07:55:00,102835.18,102885.39,102821.74,102821.75,43.63661,25.53440550436082,-169.99661672585353,-136.8504139541016,103134.476,103683.59100321346,102585.36099678653,False,False
2025-01-18 08:00:00,102821.75,102821.75,102474.94,102485.26,119.76454,21.200520509927372,-195.53472765150946,-148.5872766935832,103098.674,103718.28931625972,102479.05868374028,False,False
2025-01-18 08:05:00,102485.25,102556.89,102277.55,102361.06,238.35519,21.057486552148063,-223.22259544054396,-163.51434044297537,103057.594,103757.50442321331,102357.68357678669,False,False
2025-01-18 08:10:00,102361.05,102610.4,102280.56,102587.98,126.00539,30.205494478707323,-224.26964176596084,-175.66540070757247,103034.04149999999,103764.77223653528,102303.3107634647,False,False
2025-01-18 08:15:00,102587.99,102722.07,102460.77,102510.61,96.62897,31.714895599248706,-228.706163624709,-186.27355329099979,102984.9525,103717.94173429703,102251.96326570297,False,False
2025-01-18 08:20:00,102510.61,102518.12,102336.0,102461.53,208.39338,34.259172219304006,-233.49094669212354,-195.71703197122457,102938.5095,103680.98052168483,102196.03847831517,False,False
2025-01-18 08:25:00,102461.52,102804.0,102458.1,102804.0,109.04708,46.27391185142806,-207.25929870571417,-198.02548531812252,102900.0015,103581.00450824104,102218.99849175896,False,False
2025-01-18 08:30:00,102803.99,103169.5,102787.2,103064.29,154.38055,49.07771283725242,-163.58163377383607,-191.13671500926523,102875.6155,103489.98146312972,102261.24953687028,False,False
2025-01-18 08:35:00,103064.29,103173.45,103027.93,103106.31,159.99913,47.96535868851225,-124.14504006627249,-177.7383800206667,102858.9115,103424.88258783486,102292.94041216515,False,False
2025-01-18 08:40:00,103106.3,103209.55,103065.78,103194.43,73.3308,58.37289339412251,-84.80314995274239,-159.15133400708186,102848.6325,103379.61123157499,102317.65376842502,False,False
2025-01-18 08:45:00,103194.43,103258.85,103112.0,103187.54,73.67188,58.864142656267006,-53.56294373898709,-138.0336559534629,102846.7585,103372.38153271223,102321.13546728776,False,False
2025-01-18 08:50:00,103187.53,103344.7,103134.69,103316.74,84.72201,62.3293594261581,-18.17004207588616,-114.06093317794756,102861.05249999999,103422.10993186246,102299.99506813752,False,False
2025-01-18 08:55:00,103316.74,103316.75,103211.79,103272.0,51.43506,65.62962183215348,6.197502441631514,-90.00924605403175,102876.70599999999,103466.0192578257,102287.39274217428,False,False
2025-01-18 09:00:00,103271.99,103321.7,103212.93,103292.37,76.34577,62.94732780680983,26.843213930391357,-66.63875405714714,102886.087,103496.2880854108,102275.8859145892,False,False
2025-01-18 09:05:00,103292.37,103292.37,103182.81,103199.99,74.32785,60.275245308442265,35.343378613266395,-46.24232752306443,102886.4035,103497.28249080078,102275.52450919923,False,False
2025-01-18 09:10:00,103200.0,103250.01,103177.0,103232.23,49.02198,74.31083975030793,44.17213010425621,-28.1594359976003,102904.326,103534.3777467275,102274.2742532725,False,False
2025-01-18 09:15:00,103232.22,103390.96,103202.0,103364.95,103.99075,82.49234533696735,61.173207425061264,-10.292907313067989,102930.02799999999,103592.03357496829,102268.0224250317,False,False
2025-01-18 09:20:00,103364.94,103364.95,103160.5,103219.46,79.29574,71.57607730049683,62.189969343919074,4.203668018329424,102949.82949999999,103622.02305328155,102277.63594671844,False,False
2025-01-18 09:25:00,103219.45,103455.89,103219.45,103455.17,83.25537,79.12216658856073,81.08093700862082,19.579121816387705,102988.6835,103684.17179054549,102293.19520945451,False,False
2025-01-18 09:30:00,103455.17,103455.18,103295.09,103299.81,70.91069,74.25578703703741,82.56416310480563,32.176130074071295,103011.874,103716.79285055661,102306.95514944338,False,False
2025-01-18 09:35:00,103299.8,103299.81,103072.48,103072.49,56.9323,58.323464674334616,64.65154351516685,38.67121276229041,103024.411,103723.99116275668,102324.83083724331,False,False
2025-01-18 09:40:00,103072.49,103169.25,103059.11,103121.23,42.36869,52.03168486405495,53.76876128948061,41.69072246772845,103056.2095,103708.84402261181,102403.57497738818,False,False
2025-01-18 09:45:00,103121.24,103165.9,103072.06,103165.9,22.81607,52.12222657502043,48.19303434583708,42.991184843350176,103096.4515,103662.06005957516,102530.84294042483,False,False
2025-01-18 09:50:00,103165.9,103223.69,103164.53,103223.68,59.75368,51.06471269137531,47.88460971081804,43.96986981684375,103128.2365,103642.66516684816,102613.80783315183,False,False
2025-01-18 09:55:00,103223.68,103223.69,103152.01,103159.29,24.9969,49.01300389208374,41.96074870378652,43.5680455942323,103160.6705,103585.05552684458,102736.28547315541,False,False
2025-01-18 10:00:00,103159.29,103294.35,103069.69,103287.46,38.51772,48.97628104721415,47.06574935406388,44.26758634619863,103201.96699999999,103472.89434027747,102931.0396597225,False,False
2025-01-18 10:05:00,103287.47,103287.47,103168.9,103193.51,36.79939,47.347038106118234,43.03444502760249,44.0209580824794,103221.44249999999,103417.59796915464,103025.28703084534,False,False
2025-01-18 10:10:00,103193.51,103214.87,102850.0,102900.96,98.74433,38.82624309865432,16.04827274872514,38.42642101572855,103213.27599999998,103446.98472041095,102979.56727958901,False,False
2025-01-18 10:15:00,102900.96,103055.76,102883.44,102883.45,66.09739,40.56006203029904,-6.674435136417742,29.40624978529929,103202.133,103475.24528638234,102929.02071361766,False,False
2025-01-18 10:20:00,102883.45,103035.13,102828.95,103035.13,71.30556,44.51292844257389,-12.301235500737675,21.064752728091896,103194.16799999999,103477.33277104764,102911.00322895234,False,False
2025-01-18 10:25:00,103035.13,103258.66,103035.12,103167.32,85.79032,44.49654972681882,-6.024441079600365,15.646913966553443,103193.157,103476.56569065966,102909.74830934036,False,False
2025-01-18 10:30:00,103167.33,103228.0,103096.26,103203.99,58.1989,49.54140950619257,1.8871721116593108,12.894965595574618,103187.51950000001,103465.00113565476,102910.03786434526,False,False
2025-01-18 10:35:00,103203.99,103233.05,102950.0,102955.72,115.15694,35.30381050463461,-11.740791024669306,7.9678142715258335,103171.70550000001,103464.54052720345,102878.87047279657,False,False
2025-01-18 10:40:00,102955.72,102997.76,102870.06,102979.58,111.37553,39.786955828416744,-20.380810108414153,2.2980893955378363,103156.066,103455.11152882797,102857.02047117204,False,False
2025-01-18 10:45:00,102979.49,103069.67,102837.19,103069.67,101.09971,49.90143444341893,-19.7311292183731,-2.1077543272443506,103149.55,103450.2403882041,102848.85961179591,False,False
2025-01-18 10:50:00,103069.67,103278.28,103063.68,103253.19,74.52768,54.2151664217723,-4.357491720831604,-2.5577018059618015,103150.598,103452.64476233361,102848.55123766638,False,False
2025-01-18 10:55:00,103253.19,103277.7,103184.63,103184.64,47.52535,50.589612252860114,2.2686629193485714,-1.592428860899727,103141.5825,103426.99620327339,102856.16879672662,False,False
2025-01-18 11:00:00,103184.64,103184.64,103103.94,103153.82,33.7558,47.764079323015174,4.975665410456713,-0.27881000662843913,103138.3005,103421.44416280894,102855.15683719105,False,False
2025-01-18 11:05:00,103153.82,103153.82,102967.87,103037.99,40.24211,46.241463505323736,-2.200166431677644,-0.6630812916382802,103117.4415,103360.99546862525,102873.88753137476,False,False
2025-01-18 11:10:00,103038.0,103077.09,102932.01,103012.54,60.61166,40.90235217811405,-9.827383214753354,-2.495941676261295,103103.078,103334.95042250965,102871.20557749034,False,False
2025-01-18 11:15:00,103012.54,103122.66,102981.64,103122.66,54.94047,47.68025878947849,-6.906628463999368,-3.37807903380891,103105.5865,103337.15091598163,102874.02208401838,False,False
2025-01-18 11:20:00,103122.66,103228.7,103117.62,103228.69,44.40821,62.223349420776906,3.9186537876084913,-1.9187324695254298,103110.9595,103348.94987755749,102872.9691224425,False,False
2025-01-18 11:25:00,103228.7,103387.96,103228.7,103355.17,88.24688,66.27114434724994,22.44491590737016,2.9539972058536885,103120.423,103381.54059690838,102859.30540309161,False,False
2025-01-18 11:30:00,103355.18,103355.18,103246.51,103246.51,56.59336,57.514183741663466,28.035976931030746,7.9703931508891,103121.56450000001,103384.77394643793,102858.35505356209,False,False
2025-01-18 11:35:00,103246.51,103466.66,103230.24,103466.25,50.9695,60.00374810085028,49.62605634350621,16.301525789412523,103136.9125,103441.87148560373,102831.95351439629,False,False
2025-01-18 11:40:00,103466.24,103691.45,103422.83,103691.44,240.88415,64.48493709177968,83.93969626676699,29.829159884883417,103157.1115,103546.0171509197,102768.2058490803,False,False
2025-01-18 11:45:00,103691.45,103883.01,103625.91,103717.55,218.20565,76.08202951145154,111.949873457168,46.25330259934034,103183.3135,103646.13361753048,102720.49338246953,False,False
2025-01-18 11:50:00,103717.54,103717.55,103608.11,103615.42,39.94445,70.66132889674483,124.47226443588443,61.89709496664916,103219.03650000002,103700.02923754377,102738.04376245626,False,False
2025-01-18 11:55:00,103615.43,103697.17,103567.52,103589.29,40.42465,67.61710379993971,130.78032273048302,75.67374051941594,103254.32849999999,103735.22468410377,102773.4323158962,False,False
2025-01-18 12:00:00,103589.29,103589.29,103504.0,103557.6,48.57735,61.50514388516394,131.70418238887214,86.87982889330719,103280.452,103767.93042915221,102792.9735708478,False,False
2025-01-18 12:05:00,103557.6,103615.21,103500.0,103605.71,36.54667,66.16403964713743,134.76493645296432,96.45685040523861,103302.3715,103807.53471849191,102797.20828150808,False,False
2025-01-18 12:10:00,103605.7,103700.0,103574.18,103626.19,55.33261,68.27845064427453,137.26091258348606,104.6176628408881,103323.4815,103846.31160758877,102800.65139241122,False,False
2025-01-18 12:15:00,103626.18,103853.67,103626.18,103851.21,137.47179,79.01579916365715,155.60253590416687,114.81463745354385,103368.25600000001,103911.45752477906,102825.05447522095,False,False
2025-01-18 12:20:00,103851.21,104035.28,103831.09,103864.78,155.90044,80.66802930634927,169.2820124556747,125.70811245397003,103412.51599999999,103966.51782520706,102858.51417479292,False,False
2025-01-18 12:25:00,103864.77,103864.78,103603.59,103609.45,85.46135,65.85976138192557,157.70220619310567,132.10693120179715,103439.505,103975.48066800635,102903.52933199366,False,False
2025-01-18 12:30:00,103609.44,103688.88,103562.11,103562.12,82.5526,61.295283779480364,143.05691973447392,134.29692890833252,103454.9515,103986.10345091332,102923.79954908667,False,False
2025-01-18 12:35:00,103562.11,103562.12,103372.08,103414.88,76.73203,51.99468173952572,118.20677313886699,131.07889775443942,103466.4635,103982.7188980868,102950.2081019132,False,False
2025-01-18 12:40:00,103414.89,103568.19,103414.89,103533.97,60.82856,59.53647920592401,106.89025631167169,126.24116946588589,103485.471,103980.82918823199,102990.11281176802,False,False
2025-01-18 12:45:00,103533.98,103575.59,103476.05,103567.66,46.74848,53.83806041889034,99.49343821272487,120.89162321525369,103511.9545,103961.05699925945,103062.85200074056,False,False
2025-01-18 12:50:00,103567.67,103615.99,103550.0,103550.01,38.46809,43.64970320680296,91.15640479375725,114.94457953095441,103538.82800000001,103921.51426389333,103156.14173610669,False,False
2025-01-18 12:55:00,103550.0,103561.93,103457.33,103457.34,27.19125,38.9753671205711,76.19324294362741,107.19431221348901,103555.562,103887.53398471524,103223.59001528478,False,False
2025-01-18 13:00:00,103457.34,103500.0,103424.59,103436.13,61.55944,41.84459748364747,61.909703112978605,98.13739039338694,103565.934,103866.36974462502,103265.49825537497,False,False
2025-01-18 13:05:00,103436.13,103436.13,103107.65,103126.0,140.79393,33.25308521482634,25.27365677143098,83.56464366899574,103554.4755,103902.47347044022,103206.47752955978,False,False
2025-01-18 13:10:00,103126.01,103415.95,103126.0,103310.6,51.35463,41.960263521079064,11.008108705864288,69.05333667636945,103557.68000000001,103894.74611071043,103220.61388928958,False,False
2025-01-18 13:15:00,103310.6,103395.75,103224.26,103371.29,27.3094,42.431716923871136,4.547316247597337,56.15213259061503,103552.932,103898.00112848844,103207.86287151156,False,False
2025-01-18 13:20:00,103371.29,103458.4,103349.05,103431.79,26.66166,43.88186716350236,4.259831372924964,45.773672347077024,103539.94950000002,103882.60641090131,103197.29258909872,False,False
2025-01-18 13:25:00,103431.78,103520.0,103383.81,103488.98,51.19456,37.2534115941412,8.548214090798865,38.328580695821394,103528.52100000001,103861.34277730496,103195.69922269505,False,False
2025-01-18 13:30:00,103488.98,103865.16,103456.78,103754.04,114.76563,46.68914959518752,32.955030019715196,37.253870560600156,103535.45199999999,103881.40779313578,103189.4962068642,False,False
2025-01-18 13:35:00,103754.04,103875.24,103754.03,103783.54,60.64833,56.01742075973861,54.054899707392906,40.61407638995871,103545.1645,103907.98043816756,103182.34856183243,False,False
2025-01-18 13:40:00,103783.54,103968.01,103783.53,103860.0,104.6295,60.09297408652302,76.06949960846396,47.70516103365976,103560.2845,103949.5246872731,103171.0443127269,False,False
2025-01-18 13:45:00,103860.0,103952.0,103836.64,103926.84,44.89518,68.34613840949459,97.78248244139832,57.72062531520748,103576.341,103998.56714812937,103154.11485187063,False,False
2025-01-18 13:50:00,103926.85,103956.26,103793.31,103877.83,104.60105,62.97389073347425,109.77011876417964,68.13052400500192,103588.923,104031.89155790041,103145.95444209958,False,False
2025-01-18 13:55:00,103877.82,104395.92,103874.49,104365.81,375.33387,72.42636935301682,156.83837948698783,85.87209510139911,103614.65299999999,104167.83874267497,103061.46725732501,False,False
2025-01-18 14:00:00,104365.81,104562.5,104223.44,104309.35,191.28335,70.88049276797068,187.42395834974013,106.18246775106732,103636.88149999999,104263.27081806018,103010.4921819398,False,False
2025-01-18 14:05:00,104307.43,104334.0,104132.32,104177.07,86.41361,69.36934512436072,198.69888243480818,124.6857506878155,103665.2625,104336.2662257053,102994.25877429469,False,False
2025-01-18 14:10:00,104177.07,104300.0,104123.09,104203.89,105.96166,70.59972525113777,207.40762486687163,141.23012552362673,103697.351,104407.80767616781,102986.89432383218,False,False
2025-01-18 14:15:00,104203.89,104429.39,104176.52,104391.54,70.96558,86.34436888296706,226.8363247795496,158.3513653748113,103746.184,104507.34260930683,102985.02539069316,False,False
2025-01-18 14:20:00,104391.54,104511.99,104325.38,104407.76,110.65424,84.8823013238722,240.76711445723777,174.83451519129662,103789.8735,104598.56888982681,102981.17811017319,False,False
2025-01-18 14:25:00,104407.75,104407.76,104184.6,104187.87,85.10857,73.57523125425887,231.39668341317156,186.14694883567162,103820.88399999999,104641.18349106905,103000.58450893093,False,False
2025-01-18 14:30:00,104187.87,104187.88,103900.01,103912.05,123.58001,62.332193223020425,199.41544332550257,188.80064773363785,103838.986,104650.04357198192,103027.92842801809,False,False
2025-01-18 14:35:00,103912.06,104005.86,103722.0,103792.37,145.38755,57.548254190986675,162.53925301948038,183.54836879080636,103855.7375,104647.20854294853,103064.26645705148,False,False
2025-01-18 14:40:00,103792.37,104038.18,103756.88,103885.13,140.36264,53.567327212265695,139.19500986782077,174.67769700620926,103878.1875,104644.61995607211,103111.75504392789,False,False
2025-01-18 14:45:00,103885.12,103974.01,103830.76,103964.53,52.31751,54.795021380088905,125.65299589012284,164.87275678299198,103920.114,104600.16836861263,103240.05963138737,False,False
2025-01-18 14:50:00,103964.54,104093.75,103861.56,104093.75,137.08701,56.02439137539119,123.91936105414061,156.6820776372217,103959.2715,104579.0723480579,103339.4706519421,False,False
2025-01-18 14:55:00,104095.47,104095.47,103973.9,103993.03,97.92511,51.67662152783063,113.1142698173644,147.96851607325027,103990.3585,104544.92168401403,103435.79531598598,False,False
2025-01-18 15:00:00,103993.02,104043.91,103761.05,103897.74,282.8937,50.49277543201392,95.75820950572961,137.52645475974614,104013.65599999999,104504.95727776362,103522.35472223636,False,False
2025-01-18 15:05:00,103897.73,104019.34,103842.63,103970.73,92.41001,37.693745327684724,86.89145901077427,127.39945560995179,104037.7435,104463.61575034169,103611.8712496583,False,False
2025-01-18 15:10:00,103970.73,104169.67,103926.32,104134.48,92.52916,44.894276754900396,92.01703672544681,120.3229718330508,104056.76550000001,104462.80610452715,103650.72489547287,False,False
2025-01-18 15:15:00,104134.48,104270.86,104100.0,104211.68,67.46061,51.04409892543144,101.14258010046615,116.48689348653389,104078.1725,104468.39747019365,103687.94752980635,False,False
2025-01-18 15:20:00,104211.68,104316.0,104116.47,104195.99,107.62394,49.76006511650526,105.88797641877318,114.36711007298176,104094.972,104474.43034374178,103715.5136562582,False,False
2025-01-18 15:25:00,104196.0,104350.34,104196.0,104253.18,123.01893,45.43613357786532,112.96134417336725,114.08595689305886,104111.289,104488.3643175016,103734.2136824984,False,False
2025-01-18 15:30:00,104253.17,104499.0,104215.03,104491.66,129.31661,52.41358280401392,136.23989333523787,118.51674418149467,104141.9805,104538.47093423578,103745.49006576423,False,False
2025-01-18 15:35:00,104491.66,104875.62,104491.65,104680.0,203.11077,64.41902574229616,167.94975500526198,128.40334634624816,104157.69,104612.1768073118,103703.2031926882,False,False
2025-01-18 15:40:00,104680.0,104735.95,104571.76,104668.54,101.55961,76.2274905177614,189.96551836488652,140.71578074997583,104175.6495,104680.92020799349,103670.37879200651,False,False
2025-01-18 15:45:00,104668.54,104950.0,104660.0,104851.99,152.01325,85.18134852650233,219.68367463393952,156.50935952676858,104209.3955,104798.29749765362,103620.49350234638,False,False
2025-01-18 15:50:00,104852.0,104988.88,104803.34,104950.01,144.71765,85.23292747485483,248.28287199990882,174.86406202139665,104246.7015,104922.28642361911,103571.11657638088,False,False
2025-01-18 15:55:00,104950.01,104950.01,104568.96,104568.96,142.91853,66.67071186253744,237.46306512709998,187.38386264253734,104255.5725,104943.70799075467,103567.43700924532,False,False
2025-01-18 16:00:00,104568.96,104670.88,104401.32,104589.53,143.07876,64.5458279544658,227.92078834495624,195.49124778302112,104264.661,104965.9356612272,103563.38633877279,False,False
2025-01-18 16:05:00,104589.54,104719.29,104463.06,104580.22,178.794,68.2041679325895,217.1045796028775,199.81391414699243,104284.2785,104998.3429101055,103570.2140898945,False,False
2025-01-18 16:10:00,104580.22,104596.0,104289.24,104334.0,145.11773,62.36760937110214,186.51473423966672,197.15407816552732,104305.376,104997.7379367866,103613.01406321341,False,False
2025-01-18 16:15:00,104334.01,104377.46,103777.84,103969.2,232.38074,49.96278332108997,131.32195243956812,183.9876530203355,104314.2175,104983.11442372027,103645.32057627973,False,False
2025-01-18 16:20:00,103969.2,104215.9,103890.82,104096.99,242.41125,49.0718321226798,96.77727208404394,166.54557683307718,104324.81049999999,104971.43528671809,103678.1857132819,False,False
2025-01-18 16:25:00,104096.98,104148.0,103973.68,103973.69,121.18814,44.23939932322219,58.7735792461317,144.99117731568808,104325.2685,104970.83092991373,103679.70607008628,False,False
2025-01-18 16:30:00,103973.69,104199.74,103950.0,104037.3,93.59085,46.24596066408333,33.403123840427725,122.67356662063602,104322.446,104972.74670014232,103672.14529985767,False,False
2025-01-18 16:35:00,104037.3,104060.0,103625.01,103649.87,143.2217,37.65646546609229,-17.760772831752547,94.58669873015832,104305.288,105008.16747433048,103602.40852566953,False,False
2025-01-18 16:40:00,103649.87,103752.65,103381.57,103386.0,289.70209,27.61114845983745,-78.6935035825154,59.93065826762358,104279.701,105076.0861292033,103483.31587079671,False,False
2025-01-18 16:45:00,103386.0,103568.0,103321.5,103329.88,141.86712,21.11424903722731,-130.01283960000728,21.941958694097405,104247.65849999999,105141.93874203552,103353.37825796446,False,False
2025-01-18 16:50:00,103329.88,103369.99,103156.02,103240.85,117.33937,20.43593683347362,-175.84077705415257,-17.61458845555259,104202.977,105203.99508413309,103201.95891586691,False,False
2025-01-18 16:55:00,103240.86,103459.1,103226.84,103253.66,99.91022,14.385475482746415,-208.72009241503838,-55.83568924744975,104155.076,105242.31428123584,103067.83771876416,False,False
2025-01-18 17:00:00,103253.65,103526.38,103253.65,103522.98,116.63053,20.457678978813405,-210.61744670159533,-86.79204073827887,104121.4255,105244.40442427073,102998.44657572926,False,False
2025-01-18 17:05:00,103522.35,103698.2,103466.92,103479.04,85.71866,23.776297807633455,-213.20896420016652,-112.07542543065641,104082.71849999999,105239.4355559778,102926.00144402217,False,False
2025-01-18 17:10:00,103479.03,103878.82,103479.03,103876.95,78.89403,35.489887841789326,-181.06751535488002,-125.87384341550114,104051.983,105195.54044632979,102908.4255536702,False,False
2025-01-18 17:15:00,103876.94,104091.32,103836.0,104016.07,92.45505,39.08914736178445,-142.72412933246233,-129.2439005988934,104018.7865,105123.46854485346,102914.10445514655,False,False
2025-01-18 17:20:00,104016.08,104029.98,103866.05,103913.5,54.47916,41.38891391780875,-119.23875134529953,-127.24287074817462,103981.0345,105043.0021734393,102919.0668265607,False,False
2025-01-18 17:25:00,103913.51,103980.0,103815.78,103894.74,58.93022,48.22340354460361,-100.97620447391819,-121.98953749332334,103933.17199999999,104912.96786938654,102953.37613061344,False,False
2025-01-18 17:30:00,103894.74,104050.0,103799.73,103976.92,77.40222,47.07142055737385,-78.96154576302797,-113.38393914726427,103884.5175,104740.53138377491,103028.50361622509,False,False
2025-01-18 17:35:00,103976.92,104084.01,103930.02,104063.9,54.29667,52.239962257591735,-53.875171607607626,-101.48218563933295,103859.2645,104658.15467347993,103060.37432652008,False,False
2025-01-18 17:40:00,104063.9,104093.34,103973.66,104093.33,46.79979,51.415277826893025,-31.258950584335253,-87.43753862833343,103834.4545,104565.82083557997,103103.08816442004,False,False
2025-01-18 17:45:00,104093.34,104207.97,104093.34,104136.0,42.52969,64.86899817092961,-9.77958709790255,-71.90594832224726,103812.24350000001,104471.69404354341,103152.79295645661,False,False
